author_name,first_contribution,last_contribution,total_commits,total_files_changed,total_additions,total_deletions,years_since_first_commit,active_years,total_changes,impact_score,avg_additions_per_commit,avg_deletions_per_commit,avg_files_per_commit,commits_per_year,recency_score,consistency_score,weighted_impact_score
/usr/local/ΕΨΗΕΛΩΝ,2015-11-03 11:30:34+00:00,2015-11-03 11:30:34+00:00,1,1,13,0,9.927446954140999,0.0,13,31.2,13.0,0.0,1.0,inf,0.017385352498288875,0.0,21.92136344969199
0xflotus,2018-10-01 16:23:02+00:00,2018-10-01 19:29:33+00:00,3,3,5,5,7.017111567419575,0.0,10,28.1,1.6666666666666667,1.6666666666666667,1.0,inf,0.3084188911704312,0.0,20.969985626283368
1993heqiang,2023-02-25 12:58:48+00:00,2023-03-30 14:46:18+00:00,2,3,11,11,2.614647501711157,0.09034907597535935,22,38.1,5.5,5.5,1.5,22.136363636363633,0.757700205338809,0.03455497382198953,31.19773834890396
67,2022-11-11 07:44:26+00:00,2022-11-11 07:44:26+00:00,1,2,2,2,2.9048596851471595,0.0,4,10.4,2.0,2.0,2.0,inf,0.7193702943189596,0.0,8.402217659137577
70825,2023-08-19 06:35:33+00:00,2023-08-19 06:35:33+00:00,1,4,7,7,2.135523613963039,0.0,14,23.3,7.0,7.0,4.0,inf,0.7963039014373716,0.0,19.093082135523613
Aakarshit Uppal,2020-10-29 10:05:10+00:00,2020-10-29 10:05:10+00:00,1,1,1,1,4.939082819986311,0.0,2,7.7,1.0,1.0,1.0,inf,0.5162217659137577,0.0,5.986236139630391
Aaron Rosser,2024-01-09 23:35:54+00:00,2024-01-09 23:35:54+00:00,1,3,55,16,1.7440109514031485,0.0,71,123.6,55.0,16.0,3.0,inf,0.8357289527720739,0.0,102.01441478439423
Aashay Chapatwala,2022-11-28 08:50:30+00:00,2022-11-28 08:50:30+00:00,1,1,1,0,2.858316221765914,0.0,1,7.2,1.0,0.0,1.0,inf,0.7240246406570842,0.0,5.821946611909651
Abdullah Khan,2021-11-09 12:17:15+00:00,2021-11-09 12:17:15+00:00,1,1,1,1,3.909650924024641,0.0,2,7.7,1.0,1.0,1.0,inf,0.6191649555099247,0.0,6.105135523613963
Abel Salgado Romero,2023-03-07 20:21:15+00:00,2023-03-07 20:21:15+00:00,1,2,2,2,2.5872689938398357,0.0,4,10.4,2.0,2.0,2.0,inf,0.7514031485284052,0.0,8.452188911704312
Adam Ostrožlík,2021-12-11 15:51:27+00:00,2023-12-09 15:01:37+00:00,7,75,327,239,3.8220396988364134,1.9904175222450375,566,823.5,46.714285714285715,34.142857142857146,10.714285714285714,3.516850068775791,0.8272416153319644,0.5207736389684814,742.9635842874625
Adib Saikali,2014-02-05 19:12:31+00:00,2014-02-05 19:12:31+00:00,1,1,9,0,11.668720054757015,0.0,9,23.2,9.0,0.0,1.0,inf,0.0,0.0,16.24
Adilson A,2023-06-25 09:32:14+00:00,2023-06-25 09:32:14+00:00,1,3,142,11,2.2861054072553046,0.0,153,295.1,142.0,11.0,3.0,inf,0.7812457221081451,0.0,241.15184188911707
Adrian Bob,2022-07-19 12:23:22+00:00,2022-07-19 12:23:22+00:00,1,1,1,2,3.2197125256673513,0.0,3,8.2,1.0,2.0,1.0,inf,0.6881587953456536,0.0,6.586435318275153
Adrian Cole,2020-03-02 12:36:47+00:00,2020-03-02 12:36:47+00:00,1,1,2,2,5.598904859685147,0.0,4,10.2,2.0,2.0,1.0,inf,0.45023956194387404,0.0,7.8288665297741264
Agim Emruli,2011-03-24 11:06:32+00:00,2014-07-06 20:29:03+00:00,2,5,83,11,14.54072553045859,3.2854209445585214,94,182.5,41.5,5.5,2.5,0.60875,0.0,0.2259461495010356,133.93527584259084
Alan Hong,2017-06-27 00:27:28+00:00,2017-06-27 00:27:28+00:00,1,1,7,7,8.281998631074606,0.0,14,22.7,7.0,7.0,1.0,inf,0.18193018480492817,0.0,16.50947227926078
Alec Musasa,2023-08-30 10:50:06+00:00,2023-08-30 10:50:06+00:00,1,1,1,1,2.105407255304586,0.0,2,7.7,1.0,1.0,1.0,inf,0.7995893223819301,0.0,6.313525667351128
Aleksandrs Jansons,2023-03-05 06:39:12+00:00,2023-03-05 06:39:12+00:00,1,1,3,1,2.5927446954141,0.0,4,11.7,3.0,1.0,1.0,inf,0.7505817932922656,0.0,9.507271047227926
Aleksey Genus,2024-08-07 12:39:33+00:00,2024-08-07 12:39:33+00:00,1,1,1,1,1.1663244353182751,0.0,2,7.7,1.0,1.0,1.0,inf,0.8934976043805613,0.0,6.421989733059548
Aleksey Voronenkov,2017-12-24 00:56:18+00:00,2017-12-24 00:56:18+00:00,1,1,16,0,7.789185489390828,0.0,16,37.2,16.0,0.0,1.0,inf,0.23121149897330595,0.0,27.330160164271046
Alex,2022-09-19 10:19:35+00:00,2022-09-19 10:19:35+00:00,1,1,5,0,3.049965776865161,0.0,5,15.2,5.0,0.0,1.0,inf,0.7051334702258727,0.0,12.247704312114989
Alex Antonov,2014-12-03 18:26:18+00:00,2014-12-04 22:46:15+00:00,2,3,22,5,10.844626967830253,0.0027378507871321013,27,57.1,11.0,2.5,1.5,730.5,0.0,0.00025246149962130775,39.972162332744254
Alex Feigin,2020-11-30 14:40:28+00:00,2020-11-30 14:40:28+00:00,1,6,277,147,4.851471594798084,0.0,424,633.7,277.0,147.0,6.0,inf,0.5249828884325805,0.0,493.49224845995894
Alex Lei,2022-03-27 02:36:16+00:00,2022-03-27 02:36:16+00:00,1,2,15,1,3.5345653661875427,0.0,16,35.9,15.0,1.0,2.0,inf,0.6566735112936345,0.0,28.66618685831622
Alex Panchenko,2014-04-25 11:04:54+00:00,2016-04-28 03:46:19+00:00,2,2,4,4,11.45242984257358,2.00684462696783,8,20.4,2.0,2.0,1.0,0.9965893587994543,0.06557152635181374,0.17523308630169734,15.016862114719743
Alex Yursha,2013-11-08 22:26:59+00:00,2014-06-04 13:13:04+00:00,3,3,3,3,11.912388774811772,0.5667351129363449,6,23.1,1.0,1.0,1.0,5.293478260869565,0.0,0.04757527005286141,16.334848310733165
AlexElin,2023-02-16 09:23:52+00:00,2023-02-16 09:23:52+00:00,1,1,1,1,2.639288158795346,0.0,2,7.7,1.0,1.0,1.0,inf,0.745927446954141,0.0,6.251546201232032
Alexander Kriegisch,2022-04-11 07:51:04+00:00,2023-07-19 01:45:45+00:00,2,7,120,0,3.490759753593429,1.267624914442163,120,251.4,60.0,0.0,3.5,1.5777537796976242,0.7878165639972622,0.3631372549019608,219.3824685106897
Alexander Münch,2018-02-17 22:42:58+00:00,2018-02-17 22:42:58+00:00,1,1,2,2,7.6358658453114305,0.0,4,10.2,2.0,2.0,1.0,inf,0.24654346338124566,0.0,7.517211498973305
Alexander Riss,2017-04-19 14:57:19+00:00,2017-04-19 14:57:19+00:00,1,4,17,16,8.46817248459959,0.0,33,47.8,17.0,16.0,4.0,inf,0.1633127994524297,0.0,34.63095277207391
Alexander Sparkowsky,2018-02-25 18:23:17+00:00,2018-02-25 18:23:17+00:00,1,1,3,3,7.613963039014374,0.0,6,12.7,3.0,3.0,1.0,inf,0.24873374401095139,0.0,9.363837782340863
Alexej Timonin,2021-07-30 19:32:36+00:00,2024-06-06 09:38:32+00:00,2,3,38,5,4.188911704312115,2.8501026694045173,43,89.1,19.0,2.5,1.5,0.7017291066282421,0.876249144421629,0.680392156862745,83.17451099166564
Alexey Nikolaenko,2017-01-12 13:06:49+00:00,2017-01-12 13:06:49+00:00,1,1,1,1,8.733744010951403,0.0,2,7.7,1.0,1.0,1.0,inf,0.1367556468172484,0.0,5.547952772073922
AlexeyAnufriev,2019-09-12 13:21:34+00:00,2019-09-12 13:21:34+00:00,1,1,2,1,6.069815195071868,0.0,3,9.7,2.0,1.0,1.0,inf,0.4031485284052019,0.0,7.376581108829567
Allon Mureinik,2018-06-12 08:52:03+00:00,2018-06-12 08:52:03+00:00,1,1,1,2,7.321013004791239,0.0,3,8.2,1.0,2.0,1.0,inf,0.27775496235455166,0.0,6.081638603696098
AlmostFamiliar,2023-08-08 12:39:34+00:00,2023-08-08 12:39:34+00:00,1,2,5,5,2.1656399726214923,0.0,10,17.9,5.0,5.0,2.0,inf,0.7935660506502396,0.0,14.66072484599589
Amey Jadiye,2017-03-31 20:42:24+00:00,2017-03-31 20:42:24+00:00,1,5,7,7,8.5201916495551,0.0,14,23.5,7.0,7.0,5.0,inf,0.15811088295687892,0.0,17.007340862422996
Anatolii Zhmaiev,2022-09-29 10:40:10+00:00,2022-09-29 10:40:10+00:00,1,1,2,1,3.02258726899384,0.0,3,9.7,2.0,1.0,1.0,inf,0.7078713210130048,0.0,7.819952772073921
Anatoliy Korovin,2019-07-20 02:02:40+00:00,2019-07-20 02:02:40+00:00,1,24,992,30,6.220396988364135,0.0,1022,2008.8,992.0,30.0,24.0,inf,0.3880903490759754,0.0,1523.0993839835726
Anders D. Johnson,2014-09-30 02:07:26+00:00,2014-09-30 02:07:26+00:00,1,1,3,3,11.02258726899384,0.0,6,12.7,3.0,3.0,1.0,inf,0.0,0.0,8.889999999999999
Andras Dobrosi,2025-02-07 09:29:05+00:00,2025-02-07 09:29:05+00:00,1,2,12,3,0.6625598904859685,0.0,15,30.9,12.0,3.0,2.0,inf,0.9436002737850787,0.0,26.00358726899384
Andre Blanke,2024-05-30 11:48:17+00:00,2024-05-30 11:48:17+00:00,1,1,3,3,1.3552361396303902,0.0,6,12.7,3.0,3.0,1.0,inf,0.8746064339493498,0.0,10.55612525667351
Andrea Mauro,2024-03-09 09:45:01+00:00,2024-03-09 09:45:01+00:00,1,9,234,19,1.5797399041752225,0.0,253,484.3,234.0,19.0,9.0,inf,0.8518822724161533,0.0,400.89498767967143
Andreas Ahlenstorf,2017-09-21 10:19:35+00:00,2023-08-22 14:47:55+00:00,4,19,849,14,8.043805612594113,5.916495550992471,863,1728.8,212.25,3.5,4.75,0.6760758907913004,0.7973990417522245,0.7355343771272975,1607.6802941838375
Andreas Asplund,2018-04-11 13:09:32+00:00,2018-04-11 13:09:32+00:00,1,1,2,1,7.490759753593429,0.0,3,9.7,2.0,1.0,1.0,inf,0.2610540725530458,0.0,7.16983367556468
Andreas Bergander,2023-03-13 13:47:51+00:00,2023-03-13 13:47:51+00:00,1,2,26,1,2.5708418891170433,0.0,27,57.9,26.0,1.0,2.0,inf,0.7530458590006844,0.0,47.07020328542094
Andreas Grub,2021-11-24 06:47:21+00:00,2022-06-03 07:58:54+00:00,2,6,69,58,3.868583162217659,0.5229295003422314,127,178.2,34.5,29.0,3.0,3.8246073298429315,0.6752908966461328,0.13517338995046002,146.40371038072692
Andreas Killaitis,2019-10-25 12:48:46+00:00,2019-10-25 12:48:46+00:00,1,1,1,1,5.952087611225188,0.0,2,7.7,1.0,1.0,1.0,inf,0.41492128678986995,0.0,5.8692340862423
Andreas Kluth,2019-07-17 13:41:25+00:00,2019-07-17 13:41:25+00:00,1,2,17,1,6.225872689938399,0.0,18,39.9,17.0,1.0,2.0,inf,0.38754277891854894,0.0,30.249443531827513
Andreas Kruck,2024-12-21 01:30:25+00:00,2024-12-21 01:30:25+00:00,1,1,1,1,0.7967145790554415,0.0,2,7.7,1.0,1.0,1.0,inf,0.9304585900068446,0.0,6.464679671457906
Andreas Volkmann,2020-02-26 16:50:11+00:00,2020-02-26 16:50:11+00:00,1,1,1,1,5.6125941136208075,0.0,2,7.7,1.0,1.0,1.0,inf,0.448870636550308,0.0,5.908445585215605
Andrei Bastun,2024-01-25 12:02:02+00:00,2024-01-25 12:02:02+00:00,1,1,24,11,1.700205338809035,0.0,35,58.7,24.0,11.0,1.0,inf,0.8401095140314853,0.0,48.48716427104723
Andrew Flower,2019-05-05 02:55:35+00:00,2019-05-05 02:55:35+00:00,1,1,1,1,6.4284736481861735,0.0,2,7.7,1.0,1.0,1.0,inf,0.36728268309377143,0.0,5.8142114989733065
Andrew McCallum,2018-06-27 08:29:54+00:00,2019-05-09 21:47:37+00:00,2,2,2,2,7.279945242984257,0.865160848733744,4,15.4,1.0,1.0,1.0,2.3117088607594938,0.36865160848733747,0.11884166980067694,11.906109472845312
Andrew Tulloch,2019-02-27 13:28:03+00:00,2019-02-27 13:28:03+00:00,1,2,23,2,6.609171800136893,0.0,25,52.4,23.0,2.0,2.0,inf,0.34921286789869954,0.0,39.42481314168378
Andrew Woodbury,2020-02-25 23:28:21+00:00,2020-02-25 23:28:21+00:00,1,2,40,11,5.61533196440794,0.0,51,90.9,40.0,11.0,2.0,inf,0.4485968514715948,0.0,69.7466180698152
Andrey Kaipov,2017-05-01 16:15:09+00:00,2017-05-01 16:15:09+00:00,1,1,1,1,8.435318275154003,0.0,2,7.7,1.0,1.0,1.0,inf,0.16659822039698846,0.0,5.582420944558522
Andrey Kolchanov,2019-08-17 13:07:39+00:00,2019-08-17 13:07:39+00:00,1,1,1,1,6.140999315537303,0.0,2,7.7,1.0,1.0,1.0,inf,0.3960301163586585,0.0,5.84741478439425
Andrey Popov,2024-09-19 11:29:29+00:00,2024-09-19 11:29:29+00:00,1,1,1,1,1.0485968514715949,0.0,2,7.7,1.0,1.0,1.0,inf,0.9052703627652293,0.0,6.43558726899384
Andrey Somov,2023-05-22 12:31:27+00:00,2023-05-22 12:31:27+00:00,1,3,14,23,2.379192334017796,0.0,37,45.1,14.0,23.0,3.0,inf,0.7722108145106091,0.0,36.79400616016427
Andriy,2022-11-15 17:55:18+00:00,2022-11-15 17:55:18+00:00,1,1,2,2,2.8939082819986313,0.0,4,10.2,2.0,2.0,1.0,inf,0.7207392197125256,0.0,8.242731006160163
Andriy Kryvtsun,2016-10-25 15:02:54+00:00,2016-10-25 15:02:54+00:00,1,1,1,1,8.950034223134839,0.0,2,7.7,1.0,1.0,1.0,inf,0.11512662559890485,0.0,5.522971252566735
Andrzej Leśkiewicz,2019-01-08 21:24:15+00:00,2019-01-08 21:24:15+00:00,1,2,72,5,6.746064339493498,0.0,77,151.9,72.0,5.0,2.0,inf,0.3355236139630391,0.0,113.97490554414784
André Gasser,2022-11-21 22:53:16+00:00,2022-11-21 22:53:16+00:00,1,1,6,6,2.8774811772758384,0.0,12,20.2,6.0,6.0,1.0,inf,0.7223819301848049,0.0,16.328817248459956
Andy Clement,2008-08-11 18:37:11+00:00,2020-09-05 05:19:17+00:00,259,1474,121776,81377,17.155373032169745,12.06570841889117,203153,285830.3,470.17760617760615,314.1969111969112,5.691119691119691,21.465793056501024,0.5011635865845311,0.7033195020746889,251722.8743864587
Andy Wilkinson,2013-06-13 10:21:01+00:00,2024-11-06 11:21:05+00:00,78,205,4105,2223,12.317590691307323,11.40041067761807,6328,9752.5,52.62820512820513,28.5,2.628205128205128,6.841858789625361,0.9184120465434634,0.925539008668593,9524.219899893336
Angel Aguilera,2021-06-04 08:48:44+00:00,2021-06-04 08:48:44+00:00,1,1,2,2,4.342231348391513,0.0,4,10.2,2.0,2.0,1.0,inf,0.5756331279945244,0.0,8.020718685831621
Anna Buyevich,2023-08-27 22:05:24+00:00,2023-08-27 22:05:24+00:00,1,1,51,6,2.113620807665982,0.0,57,110.2,51.0,6.0,1.0,inf,0.7987679671457906,0.0,90.34363449691992
Anthony Raymond,2020-09-22 15:11:55+00:00,2020-09-22 15:11:55+00:00,1,2,28,1,5.040383299110198,0.0,29,61.9,28.0,1.0,2.0,inf,0.5060917180013689,0.0,48.02906160164271
Antoine Rey,2022-01-21 18:52:37+00:00,2024-09-14 09:46:44+00:00,2,3,3,2,3.7097878165639973,2.64476386036961,5,17.6,1.5,1.0,1.5,0.7562111801242236,0.9036276522929501,0.7129151291512915,16.587672943012798
Anton,2020-01-27 14:57:12+00:00,2020-01-27 14:57:12+00:00,1,1,1,1,5.69472963723477,0.0,2,7.7,1.0,1.0,1.0,inf,0.4406570841889117,0.0,5.898958932238193
Anton Bobov,2014-02-10 08:09:09+00:00,2014-02-10 08:09:09+00:00,1,1,1,1,11.655030800821356,0.0,2,7.7,1.0,1.0,1.0,inf,0.0,0.0,5.39
Anton Gubenko,2023-06-21 11:13:40+00:00,2023-06-21 11:13:40+00:00,1,1,1,1,2.297056810403833,0.0,2,7.7,1.0,1.0,1.0,inf,0.7804243668720054,0.0,6.291390143737166
Anton Lyxell,2021-07-31 14:27:43+00:00,2021-07-31 14:27:43+00:00,1,1,1,6,4.186173853524983,0.0,7,10.2,1.0,6.0,1.0,inf,0.5915126625598905,0.0,8.045014373716631
Anton Naydenov,2021-11-22 06:53:53+00:00,2021-11-22 06:53:53+00:00,1,2,15,1,3.8740588637919235,0.0,16,35.9,15.0,1.0,2.0,inf,0.6224503764544832,0.0,28.48189527720739
Anton Ždanov,2023-12-29 18:25:44+00:00,2023-12-29 18:25:44+00:00,1,2,72,1,1.7741273100616017,0.0,73,149.9,72.0,1.0,2.0,inf,0.8327173169062286,0.0,123.65364887063654
Anton-Vasilev,2023-08-31 06:48:23+00:00,2023-08-31 06:48:23+00:00,1,1,1,1,2.102669404517454,0.0,2,7.7,1.0,1.0,1.0,inf,0.7995893223819301,0.0,6.313525667351128
Antonio Marrero,2013-06-24 15:17:01+00:00,2013-06-24 15:17:01+00:00,1,2,14,3,12.28747433264887,0.0,17,34.9,14.0,3.0,2.0,inf,0.0,0.0,24.429999999999996
Anyuruf,2023-05-12 13:24:09+00:00,2023-05-12 13:24:09+00:00,1,1,1,1,2.406570841889117,0.0,2,7.7,1.0,1.0,1.0,inf,0.7694729637234771,0.0,6.278741273100616
Arend v. Reinersdorff,2017-08-31 16:37:34+00:00,2022-05-19 19:23:38+00:00,2,3,6,5,8.101300479123887,4.714579055441479,11,25.1,3.0,2.5,1.5,0.42421602787456447,0.6714579055441479,0.5819533626225076,22.289093424647458
Arjan van Bentem,2013-02-13 19:40:40+00:00,2013-02-13 19:40:40+00:00,1,1,8,0,12.646132785763175,0.0,8,21.2,8.0,0.0,1.0,inf,0.0,0.0,14.839999999999998
Arjen Poutsma,2008-10-21 08:04:24+00:00,2024-07-01 14:26:49+00:00,1565,11900,762326,100254,16.960985626283367,15.693360711841205,862580,1584984.0,487.10926517571886,64.06006389776358,7.603833865814696,99.72370027913468,0.8833675564681724,0.9252623083131558,1539486.2096400852
Arnaud Cogoluègnes,2012-12-14 09:05:25+00:00,2013-02-14 11:05:34+00:00,2,5,132,5,12.813141683778234,0.1697467488021903,137,277.5,66.0,2.5,2.5,11.782258064516128,0.0,0.01324786324786325,194.8014423076923
Artem Bilan,2014-05-28 10:01:45+00:00,2019-02-07 19:55:47+00:00,2,5,27,24,11.36208076659822,4.698151950718686,51,77.0,13.5,12.0,2.5,0.4256993006993007,0.3437371663244353,0.4134939759036145,62.64601969273397
Artem Yakshin,2016-08-30 10:43:59+00:00,2016-09-07 06:27:13+00:00,4,4,18,17,9.103353867214237,0.019164955509924708,35,65.3,4.5,4.25,1.0,208.71428571428572,0.10171115674195763,0.002105263157894737,46.72688183291905
Artsiom Chapialiou,2019-05-27 22:49:11+00:00,2019-05-27 22:49:11+00:00,1,1,1,1,6.365503080082136,0.0,2,7.7,1.0,1.0,1.0,inf,0.37357973990417526,0.0,5.821484599589322
Artur,2025-04-25 11:43:27+00:00,2025-04-25 11:43:27+00:00,1,1,17,4,0.4517453798767967,0.0,21,41.2,17.0,4.0,1.0,inf,0.9649555099247091,0.0,34.803425051334706
Ashish Kurmi,2022-09-08 04:59:12+00:00,2022-09-08 04:59:12+00:00,1,1,3,0,3.080082135523614,0.0,3,11.2,3.0,0.0,1.0,inf,0.7018480492813142,0.0,9.019104722792607
Ashley Scopes,2021-08-11 15:13:41+00:00,2021-08-14 16:05:17+00:00,2,5,588,5,4.15605749486653,0.008213552361396304,593,1189.5,294.0,2.5,2.5,243.5,0.5953456536618754,0.0019762845849802375,939.2271668316953
Asi Bross,2024-09-30 18:01:03+00:00,2024-09-30 18:01:03+00:00,1,1,1,1,1.0184804928131417,0.0,2,7.7,1.0,1.0,1.0,inf,0.9082819986310746,0.0,6.439065708418891
Astushi Yoshikawa,2019-12-05 12:47:23+00:00,2019-12-05 12:47:23+00:00,1,2,39,4,5.839835728952772,0.0,43,85.4,39.0,4.0,2.0,inf,0.42614647501711156,0.0,65.2389363449692
Atsushi Yoshikawa,2023-01-05 04:07:26+00:00,2023-01-05 04:07:26+00:00,1,3,21,1,2.757015742642026,0.0,22,48.1,21.0,1.0,3.0,inf,0.7344284736481862,0.0,38.96890143737166
Attacktive,2024-05-23 01:50:41+00:00,2024-05-23 01:50:41+00:00,1,1,1,1,1.377138945927447,0.0,2,7.7,1.0,1.0,1.0,inf,0.8724161533196441,0.0,6.397640657084189
Aurh1l,2025-05-30 14:08:55+00:00,2025-05-30 14:08:55+00:00,1,1,1,1,0.35592060232717315,0.0,2,7.7,1.0,1.0,1.0,inf,0.9745379876796715,0.0,6.51559137577002
Aviskar Basnet,2017-03-05 06:29:28+00:00,2017-03-05 06:29:28+00:00,1,2,8,4,8.591375770020534,0.0,12,23.4,8.0,4.0,2.0,inf,0.1507186858316223,0.0,16.909022587268993
Axzial,2021-08-21 16:00:26+00:00,2021-08-21 16:00:26+00:00,1,3,249,18,4.128678986995209,0.0,267,512.6,249.0,18.0,3.0,inf,0.5972621492128679,0.0,404.7434866529774
Baljit Singh,2022-11-29 13:32:24+00:00,2022-12-15 04:08:42+00:00,2,6,25,10,2.855578370978782,0.04106776180698152,35,66.2,12.5,5.0,3.0,48.7,0.7286789869952087,0.014381591562799615,53.718591545081026
Balázs Póka,2022-06-01 00:13:32+00:00,2022-06-01 00:13:32+00:00,1,1,1,1,3.353867214236824,0.0,2,7.7,1.0,1.0,1.0,inf,0.6747433264887064,0.0,6.169328542094456
Bao Tran,2017-05-14 15:55:53+00:00,2017-05-14 15:55:53+00:00,1,1,5,2,8.399726214921287,0.0,7,16.2,5.0,2.0,1.0,inf,0.17015742642026,0.0,11.753482546201232
Bao.Ngo,2024-11-25 14:08:43+00:00,2024-11-25 14:08:43+00:00,1,2,86,1,0.865160848733744,0.0,87,177.9,86.0,1.0,2.0,inf,0.9236139630390143,0.0,149.1766386036961
Baoyi Chen,2023-12-20 10:20:45+00:00,2023-12-20 10:20:45+00:00,1,1,3,0,1.7987679671457906,0.0,3,11.2,3.0,0.0,1.0,inf,0.8302532511978098,0.0,9.234825462012319
Beca-se,2021-06-08 07:27:25+00:00,2021-06-08 07:27:25+00:00,1,1,2,0,4.331279945242985,0.0,2,9.2,2.0,0.0,1.0,inf,0.5767282683093772,0.0,7.23588501026694
Ben Hale,2008-07-11 06:34:50+00:00,2010-08-23 13:17:31+00:00,31,120,2049,528,17.240246406570844,2.116358658453114,2577,4541.0,66.09677419354838,17.032258064516128,3.870967741935484,14.647800776196638,0.0,0.12275686835000792,3262.3158408766076
Ben Manes,2015-11-15 05:44:45+00:00,2015-11-15 05:44:45+00:00,1,7,606,1,9.894592744695414,0.0,607,1218.9,606.0,1.0,7.0,inf,0.020396988364134172,0.0,856.9592833675564
Benjamin Faal,2020-11-18 17:41:59+00:00,2020-11-18 17:41:59+00:00,1,6,126,8,4.884325804243669,0.0,134,262.2,126.0,8.0,6.0,inf,0.5216974674880219,0.0,204.05836139630387
Bernie Schelberg,2023-10-24 07:08:13+00:00,2023-10-24 07:08:13+00:00,1,2,13,1,1.9548254620123204,0.0,14,31.9,13.0,1.0,2.0,inf,0.8143737166324435,0.0,26.22677823408624
Bertrand Guay-Paquet,2018-11-29 16:38:39+00:00,2018-11-29 16:38:39+00:00,1,1,2,2,6.855578370978781,0.0,4,10.2,2.0,2.0,1.0,inf,0.3245722108145106,0.0,7.6365954825462
Bhavani Shekhawat,2018-07-26 18:36:46+00:00,2018-07-26 18:36:46+00:00,1,1,1,1,7.200547570157426,0.0,2,7.7,1.0,1.0,1.0,inf,0.2900752908966461,0.0,5.7250369609856255
Bian Jiaping,2017-11-20 02:00:54+00:00,2017-11-20 02:00:54+00:00,1,6,27,27,7.882272416153319,0.0,54,73.7,27.0,27.0,6.0,inf,0.22190280629705683,0.0,54.04313552361396
Biju Kunjummen,2013-07-10 20:22:25+00:00,2018-11-21 21:47:08+00:00,5,9,115,19,12.243668720054757,5.366187542778919,134,266.3,23.0,3.8,1.8,0.9317602040816326,0.322381930184805,0.4382826475849732,216.7947465590138
Boris Fox,2022-07-01 07:31:38+00:00,2022-07-01 07:31:38+00:00,1,2,28,7,3.268993839835729,0.0,35,64.9,28.0,7.0,2.0,inf,0.6829568788501027,0.0,52.078585215605756
Bram Hagens,2023-10-08 17:18:31+00:00,2023-10-08 17:18:31+00:00,1,2,10,0,1.998631074606434,0.0,10,25.4,10.0,0.0,2.0,inf,0.8102669404517454,0.0,20.867117043121148
Branden Clark,2025-01-29 01:38:45+00:00,2025-01-29 01:38:45+00:00,1,2,23,4,0.6899383983572895,0.0,27,53.4,23.0,4.0,2.0,inf,0.9411362080766599,0.0,44.91850102669404
Brandon Fergerson,2021-04-09 15:29:29+00:00,2021-04-09 15:29:29+00:00,1,1,2,1,4.4955509924709105,0.0,3,9.7,2.0,1.0,1.0,inf,0.5605749486652978,0.0,7.605636550308008
Brenden Ehlers,2024-12-24 14:49:24+00:00,2024-12-26 19:47:13+00:00,3,3,4,3,0.785763175906913,0.0054757015742642025,7,25.1,1.3333333333333333,1.0,1.0,547.875,0.9321013004791239,0.006968641114982578,21.10559833010181
Brian Bohl,2017-08-23 20:16:47+00:00,2017-08-23 20:16:47+00:00,1,2,27,1,8.123203285420944,0.0,28,59.9,27.0,1.0,2.0,inf,0.19780971937029435,0.0,43.70732032854209
Brian Clozel,2013-09-24 10:03:53+00:00,2025-09-01 09:49:31+00:00,1275,4673,169638,124190,12.035592060232718,11.93429158110883,293828,408680.6,133.0494117647059,97.40392156862745,3.665098039215686,106.83499655884377,1.0,0.9915832575068244,408164.6360941765
Brian Hartung,2020-04-11 11:23:52+00:00,2020-04-12 15:43:49+00:00,2,2,4,4,5.489390828199863,0.0027378507871321013,8,20.4,2.0,2.0,1.0,730.5,0.46146475017111566,0.0004987531172069826,15.693608320062266
Brian Westrich,2015-03-14 12:43:02+00:00,2015-03-14 12:43:02+00:00,1,1,1,1,10.568104038329912,0.0,2,7.7,1.0,1.0,1.0,inf,0.0,0.0,5.39
Bronwyn Perry-Huston,2016-02-26 14:49:37+00:00,2016-02-26 14:49:37+00:00,1,2,94,2,9.612594113620808,0.0,96,194.4,94.0,2.0,2.0,inf,0.0488706365503081,0.0,137.50506776180697
Bryan Kelly,2017-04-07 19:59:32+00:00,2017-04-07 19:59:32+00:00,1,2,14,4,8.501026694045175,0.0,18,35.4,14.0,4.0,2.0,inf,0.1600273785078713,0.0,25.629745379876795
Bryce J. Fisher,2025-01-30 00:07:56+00:00,2025-01-30 00:07:56+00:00,1,3,36,2,0.6872005475701575,0.0,38,78.6,36.0,2.0,3.0,inf,0.941409993155373,0.0,66.11922381930184
Bryce Yang,2021-04-23 23:58:56+00:00,2021-04-23 23:58:56+00:00,1,1,3,2,4.457221081451061,0.0,5,12.2,3.0,2.0,1.0,inf,0.5644079397672827,0.0,9.572866529774126
CHOICORE,2024-11-25 11:15:21+00:00,2024-11-25 11:15:21+00:00,1,1,2,2,0.865160848733744,0.0,4,10.2,2.0,2.0,1.0,inf,0.9236139630390143,0.0,8.553129363449692
Carl Magnuson,2024-09-17 19:01:17+00:00,2024-09-17 19:01:17+00:00,1,1,45,3,1.054072553045859,0.0,48,96.7,45.0,3.0,1.0,inf,0.9047227926078029,0.0,80.81300410677618
Carl-Eric Menzel,2023-09-11 13:27:33+00:00,2023-09-11 13:27:33+00:00,1,3,48,3,2.0725530458590007,0.0,51,103.1,48.0,3.0,3.0,inf,0.8028747433264887,0.0,84.58645790554414
Carlos Belizón,2022-12-16 12:47:40+00:00,2022-12-16 12:47:40+00:00,1,1,1,1,2.809034907597536,0.0,2,7.7,1.0,1.0,1.0,inf,0.7292265571526352,0.0,6.232256673511293
Carlos Bouzón García,2022-05-05 22:00:02+00:00,2022-05-05 22:00:02+00:00,1,2,40,1,3.4250513347022586,0.0,41,85.9,40.0,1.0,2.0,inf,0.6676249144421629,0.0,68.73234702258726
Carlos Corbacho,2024-06-09 07:29:59+00:00,2024-06-09 07:29:59+00:00,1,1,1,1,1.3278576317590691,0.0,2,7.7,1.0,1.0,1.0,inf,0.8770704996577686,0.0,6.403016427104722
Carson McDonald,2013-02-12 14:04:28+00:00,2013-03-15 17:18:43+00:00,4,11,39,39,12.648870636550308,0.08487337440109514,78,119.7,9.75,9.75,2.75,47.12903225806451,0.0,0.00670995670995671,83.91047727272726
Carsten Dimmek,2020-12-16 17:44:01+00:00,2020-12-16 17:44:01+00:00,1,1,3,3,4.80766598220397,0.0,6,12.7,3.0,3.0,1.0,inf,0.5293634496919918,0.0,9.898437371663242
Carter Kozak,2018-04-10 22:55:35+00:00,2018-04-10 22:55:35+00:00,1,3,9,9,7.493497604380561,0.0,18,28.1,9.0,9.0,3.0,inf,0.2607802874743326,0.0,20.769188911704312
Chad Attermann,2024-04-17 00:43:00+00:00,2024-04-17 00:43:00+00:00,1,1,10,1,1.4757015742642026,0.0,11,25.7,10.0,1.0,1.0,inf,0.8625598904859685,0.0,21.315168377823408
ChanHyeongLee,2025-03-11 08:46:03+00:00,2025-05-12 10:00:05+00:00,2,3,33,4,0.5749486652977412,0.1697467488021903,37,78.6,16.5,2.0,1.5,11.782258064516128,0.9696098562628337,0.29523809523809524,69.93255734819594
Chanhyeong Cho,2022-08-02 05:38:12+00:00,2022-08-02 05:38:12+00:00,1,1,8,8,3.1813826146475015,0.0,16,25.2,8.0,8.0,1.0,inf,0.6917180013689254,0.0,20.254694045174535
CharlieYu,2022-05-09 18:26:06+00:00,2022-05-09 18:26:06+00:00,1,2,4,4,3.4140999315537304,0.0,8,15.4,4.0,4.0,2.0,inf,0.6687200547570158,0.0,12.324743326488706
Chen Dayu,2018-12-26 14:08:44+00:00,2018-12-26 14:08:44+00:00,1,1,2,2,6.781656399726215,0.0,4,10.2,2.0,2.0,1.0,inf,0.3319644079397672,0.0,7.647905544147843
Chen Jianbin,2022-02-11 15:18:25+00:00,2022-11-18 07:57:24+00:00,2,3,18,16,3.652292950034223,0.7638603696098563,34,54.6,9.0,8.0,1.5,2.618279569892473,0.7212867898699521,0.20914542728635682,45.84023985851017
Chexpir,2014-04-28 15:47:30+00:00,2014-04-28 15:47:30+00:00,1,1,1,1,11.444216290212184,0.0,2,7.7,1.0,1.0,1.0,inf,0.0,0.0,5.39
Chin Huang,2012-05-12 04:53:51+00:00,2012-05-12 04:53:51+00:00,1,18,46,46,13.4072553045859,0.0,92,123.6,46.0,46.0,18.0,inf,0.0,0.0,86.52
Chirag Tailor,2022-02-11 15:44:40+00:00,2022-02-11 15:44:40+00:00,1,5,245,51,3.652292950034223,0.0,296,521.5,245.0,51.0,5.0,inf,0.6449007529089664,0.0,415.49736139630386
Chris Beams,2008-11-24 22:16:21+00:00,2014-11-13 10:02:50+00:00,911,21891,270734,202603,16.867898699520875,5.965776865160849,473337,651702.7,297.1833150384193,222.39626783754116,24.029637760702524,152.70433685176687,0.0,0.35367635124168156,490765.6649545528
Chris Bono,2022-09-11 04:19:29+00:00,2022-09-11 04:19:29+00:00,1,3,165,0,3.07460643394935,0.0,165,335.6,165.0,0.0,3.0,inf,0.7026694045174537,0.0,270.29237782340863
Chris Harding,2018-08-06 19:49:01+00:00,2018-08-06 19:49:01+00:00,1,2,15,1,7.170431211498974,0.0,16,35.9,15.0,1.0,2.0,inf,0.2930869267624915,0.0,26.70827310061601
Christian Dupuis,2008-11-29 04:46:36+00:00,2013-11-11 15:23:10+00:00,22,67,464,155,16.856947296372347,4.950034223134839,619,1128.9,21.09090909090909,7.045454545454546,3.0454545454545454,4.444413716814159,0.0,0.29364950462887773,839.955138866331
Christian Kulpa,2018-10-12 14:02:27+00:00,2018-10-12 14:02:27+00:00,1,1,8,9,6.9869952087611225,0.0,17,25.7,8.0,9.0,1.0,inf,0.3114305270362765,0.0,19.190564681724844
Christoph,2025-08-06 12:08:49+00:00,2025-08-06 12:08:49+00:00,1,1,4,6,0.1697467488021903,0.0,10,16.2,4.0,6.0,1.0,inf,0.9931553730321697,0.0,13.753367556468172
Christoph Dreis,2016-09-25 16:51:15+00:00,2022-11-07 19:47:02+00:00,25,84,544,421,9.032169746748803,6.116358658453114,965,1440.3,21.76,16.84,3.36,4.0873992837958815,0.71854893908282,0.6771749014852985,1309.749157135539
Christophe Maillard,2021-02-05 10:25:27+00:00,2021-02-05 10:25:27+00:00,1,3,134,12,4.6680355920602326,0.0,146,279.6,134.0,12.0,3.0,inf,0.5433264887063655,0.0,218.50711293634495
Cirus Thenter,2024-02-14 12:52:33+00:00,2024-02-14 12:52:33+00:00,1,1,2,2,1.6454483230663928,0.0,4,10.2,2.0,2.0,1.0,inf,0.8455852156057495,0.0,8.433745379876795
Clément Plantier,2013-09-20 07:39:24+00:00,2013-09-20 07:39:24+00:00,1,1,1,1,12.046543463381246,0.0,2,7.7,1.0,1.0,1.0,inf,0.0,0.0,5.39
CodeInDreams,2022-06-30 09:52:51+00:00,2022-06-30 09:52:51+00:00,1,2,14,7,3.271731690622861,0.0,21,36.9,14.0,7.0,2.0,inf,0.6829568788501027,0.0,29.610166324435315
CoderYellow,2022-12-04 08:54:57+00:00,2022-12-04 08:54:57+00:00,1,2,18,16,2.841889117043121,0.0,34,49.4,18.0,16.0,2.0,inf,0.7256673511293634,0.0,39.95719507186858
Colin Sampaleanu,2009-03-13 05:39:32+00:00,2009-04-13 05:25:57+00:00,5,10,44,42,16.569472963723477,0.08213552361396304,86,136.0,8.8,8.4,2.0,60.875,0.0,0.00495703899537343,95.3011235955056
Cong-Xin Cynthia Qiu,2024-05-30 18:01:16+00:00,2024-05-30 18:01:16+00:00,1,1,1,1,1.3552361396303902,0.0,2,7.7,1.0,1.0,1.0,inf,0.8746064339493498,0.0,6.400170431211499
Connor Lin,2017-03-21 04:58:31+00:00,2017-03-21 04:58:31+00:00,1,1,3,3,8.54757015742642,0.0,6,12.7,3.0,3.0,1.0,inf,0.1550992470910335,0.0,9.185464065708418
Cory Klein,2016-03-08 22:13:40+00:00,2016-03-08 22:13:40+00:00,1,1,1,1,9.582477754962355,0.0,2,7.7,1.0,1.0,1.0,inf,0.051882272416153286,0.0,5.449924024640657
Costin Leau,2008-11-25 22:20:53+00:00,2012-01-06 16:12:25+00:00,172,941,16517,12601,16.865160848733744,3.1101984941820673,29118,40382.7,96.02906976744185,73.26162790697674,5.47093023255814,55.301936619718305,0.0,0.18441558441558442,29384.96988311688
Craig Andrews,2014-03-03 22:53:21+00:00,2021-02-20 06:05:13+00:00,7,22,1298,178,11.597535934291582,6.967830253251198,1476,2724.4,185.42857142857142,25.428571428571427,3.142857142857143,1.0046168958742632,0.5471594798083504,0.6008026440037771,2376.206201517064
Craig Walls,2012-12-14 03:07:08+00:00,2012-12-14 03:07:08+00:00,2,2,2,0,12.815879534565367,0.0,2,14.4,1.0,0.0,1.0,inf,0.0,0.0,10.08
CroBurnt,2023-10-30 03:45:21+00:00,2023-10-30 03:45:21+00:00,1,1,1,1,1.9411362080766599,0.0,2,7.7,1.0,1.0,1.0,inf,0.8160164271047228,0.0,6.332498973305955
DK Lee,2020-06-23 08:26:43+00:00,2020-06-23 08:26:43+00:00,1,1,1,1,5.28952772073922,0.0,2,7.7,1.0,1.0,1.0,inf,0.4809034907597536,0.0,5.945443531827515
Daeho Kwon,2025-01-24 19:21:10+00:00,2025-04-24 18:29:00+00:00,3,4,78,4,0.7008898015058179,0.243668720054757,82,173.8,26.0,1.3333333333333333,1.3333333333333333,12.311797752808989,0.9646817248459959,0.34765625,155.8726510042351
DamianChlod,2019-03-03 20:35:33+00:00,2019-03-03 20:35:33+00:00,1,1,1,1,6.598220396988364,0.0,2,7.7,1.0,1.0,1.0,inf,0.35030800821355235,0.0,5.794605749486652
Damiano Albani,2018-06-29 09:04:15+00:00,2018-06-29 09:04:15+00:00,1,1,1,1,7.274469541409993,0.0,2,7.7,1.0,1.0,1.0,inf,0.2824093086926762,0.0,5.716182751540041
Dan Sievewright,2024-10-17 06:12:18+00:00,2024-10-17 06:12:18+00:00,1,2,93,11,0.971937029431896,0.0,104,196.9,93.0,11.0,2.0,inf,0.912662559890486,0.0,164.78548870636547
Daniel Fernández,2016-11-24 21:58:10+00:00,2017-01-13 23:00:41+00:00,2,12,25,24,8.867898699520875,0.13689253935660506,49,74.4,12.5,12.0,6.0,14.610000000000001,0.13702943189596173,0.015436863229391789,53.78152385359894
Daniel Garnier-Moiroux,2025-08-22 19:30:18+00:00,2025-08-22 19:30:18+00:00,1,1,1,1,0.12594113620807665,0.0,2,7.7,1.0,1.0,1.0,inf,0.9975359342915812,0.0,6.542154004106775
Daniel Kift,2018-04-18 09:50:33+00:00,2018-04-18 09:50:33+00:00,1,1,2,2,7.471594798083505,0.0,4,10.2,2.0,2.0,1.0,inf,0.2629705681040384,0.0,7.542344969199177
Daniel Knittl-Frank,2020-12-23 20:53:08+00:00,2020-12-23 20:53:08+00:00,1,2,42,4,4.788501026694045,0.0,46,91.4,42.0,4.0,2.0,inf,0.5312799452429843,0.0,71.26384804928131
Daniel Le,2019-08-09 11:32:18+00:00,2021-09-25 12:18:54+00:00,2,3,26,20,6.16290212183436,2.130047912388775,46,72.6,13.0,10.0,1.5,0.9389460154241644,0.6068446269678303,0.34562416703687254,61.1923851667112
Daniil Pozdeev,2021-10-14 14:20:41+00:00,2021-10-14 14:20:41+00:00,1,2,28,1,3.980835044490075,0.0,29,61.9,28.0,1.0,2.0,inf,0.6120465434633813,0.0,49.01285215605749
Daniil Razorenov,2025-06-23 17:54:28+00:00,2025-06-23 17:54:28+00:00,1,2,30,1,0.29021218343600275,0.0,31,65.9,30.0,1.0,2.0,inf,0.9811088295687885,0.0,55.82826078028748
Dapeng,2016-03-03 08:35:40+00:00,2016-03-03 08:35:40+00:00,1,1,1,1,9.596167008898014,0.0,2,7.7,1.0,1.0,1.0,inf,0.05023956194387402,0.0,5.448026694045174
Dariusz Jędrzejczyk,2024-10-01 09:58:54+00:00,2024-10-01 09:58:54+00:00,1,4,36,3,1.0157426420260096,0.0,39,79.3,36.0,3.0,4.0,inf,0.9085557837097878,0.0,66.31727104722792
Dave Brosius,2014-02-07 00:58:20+00:00,2014-02-07 00:58:20+00:00,1,1,1,1,11.665982203969884,0.0,2,7.7,1.0,1.0,1.0,inf,0.0,0.0,5.39
Dave Syer,2012-06-14 10:39:16+00:00,2022-09-25 14:51:54+00:00,11,31,1753,1636,13.314168377823409,10.28062970568104,3389,4385.2,159.36363636363637,148.72727272727272,2.8181818181818183,1.0699733688415447,0.706776180698152,0.7721571046679004,4042.4527364480814
David Brimley,2017-01-11 16:29:14+00:00,2017-01-11 16:29:14+00:00,1,1,2,2,8.736481861738536,0.0,4,10.2,2.0,2.0,1.0,inf,0.13648186173853527,0.0,7.348817248459959
David Costanzo,2022-10-27 18:19:26+00:00,2022-11-20 18:21:53+00:00,2,2,2,2,2.945927446954141,0.06570841889117043,4,15.4,1.0,1.0,1.0,30.4375,0.7221081451060918,0.02230483271375465,12.499593978763844
David Haraburda,2014-07-30 22:18:32+00:00,2014-07-30 22:18:32+00:00,1,2,107,11,11.189596167008897,0.0,118,224.9,107.0,11.0,2.0,inf,0.0,0.0,157.43
David Harkness,2013-03-13 03:38:03+00:00,2013-03-13 03:38:03+00:00,1,1,11,15,12.572210814510608,0.0,26,34.7,11.0,15.0,1.0,inf,0.0,0.0,24.29
David Harrigan,2017-09-12 13:36:52+00:00,2017-09-28 19:44:35+00:00,2,2,131,116,8.068446269678303,0.04380561259411362,247,330.4,65.5,58.0,1.0,45.65625,0.20766598220396992,0.005429250084832032,241.84099971223299
David J. Biesack,2012-06-12 13:02:03+00:00,2012-06-12 13:02:03+00:00,1,1,12,2,13.319644079397673,0.0,14,30.2,12.0,2.0,1.0,inf,0.0,0.0,21.139999999999997
David Syer,2009-10-26 22:37:04+00:00,2011-12-09 11:36:54+00:00,88,351,9039,4034,15.94798083504449,2.116358658453114,13073,20605.2,102.7159090909091,45.84090909090909,3.9886363636363638,41.580853816300134,0.0,0.1327038626609442,14833.798444635193
David Szigecsan,2023-04-04 14:10:18+00:00,2023-04-04 14:10:18+00:00,1,2,29,27,2.510609171800137,0.0,56,76.9,29.0,27.0,2.0,inf,0.7590691307323751,0.0,62.58586242299795
David Tombs,2015-04-07 13:26:23+00:00,2015-04-07 13:26:23+00:00,1,1,35,50,10.50239561943874,0.0,85,100.2,35.0,50.0,1.0,inf,0.0,0.0,70.14
Dawid Olbiński,2024-07-22 17:36:35+00:00,2024-07-22 17:36:35+00:00,1,2,15,1,1.2101300479123889,0.0,16,35.9,15.0,1.0,2.0,inf,0.8891170431211499,0.0,29.91789527720739
Dekel Pilli,2019-10-29 01:10:48+00:00,2019-10-29 01:10:48+00:00,1,4,13,4,5.943874058863792,0.0,17,33.8,13.0,4.0,4.0,inf,0.41574264202600963,0.0,25.767815195071865
Deline Neo,2013-06-01 06:11:56+00:00,2013-06-01 06:11:56+00:00,1,2,28,3,12.350444900752908,0.0,31,62.9,28.0,3.0,2.0,inf,0.0,0.0,44.029999999999994
Denis Kostin,2018-05-08 12:03:28+00:00,2018-05-08 12:03:28+00:00,1,1,7,0,7.416837782340862,0.0,7,19.2,7.0,0.0,1.0,inf,0.26844626967830254,0.0,14.21312525667351
Denis Zavedeev,2019-05-09 11:45:59+00:00,2019-05-09 11:45:59+00:00,2,3,98,98,6.414784394250513,0.0,196,255.6,49.0,49.0,1.5,inf,0.36865160848733747,0.0,193.0541026694045
Dennis Kieselhorst,2015-12-18 11:14:28+00:00,2015-12-18 11:14:28+00:00,1,1,1,1,9.804243668720055,0.0,2,7.7,1.0,1.0,1.0,inf,0.02970568104038329,0.0,5.424310061601642
Derrick Anderson,2020-03-07 03:26:28+00:00,2020-03-07 03:26:28+00:00,1,4,97,2,5.587953456536619,0.0,99,200.8,97.0,2.0,4.0,inf,0.45133470225872696,0.0,154.15420123203285
Deycoesr,2020-04-17 16:32:02+00:00,2020-04-17 16:32:02+00:00,1,2,2,2,5.47296372347707,0.0,4,10.4,2.0,2.0,2.0,inf,0.4628336755646817,0.0,8.002020533880904
Dhruv,2025-05-28 13:32:30+00:00,2025-05-28 13:32:30+00:00,1,1,2,2,0.3613963039014374,0.0,4,10.2,2.0,2.0,1.0,inf,0.973990417522245,0.0,8.630205338809034
Diego Castro,2019-05-24 07:41:17+00:00,2019-05-24 07:41:17+00:00,1,1,2,2,6.373716632443532,0.0,4,10.2,2.0,2.0,1.0,inf,0.37248459958932245,0.0,7.709901437371662
Dillon Regimbal,2021-05-25 20:30:23+00:00,2021-05-25 20:30:23+00:00,1,1,1,1,4.369609856262834,0.0,2,7.7,1.0,1.0,1.0,inf,0.5731690622861054,0.0,6.052010266940451
Dimitrios (Dimi) Liapis,2018-04-21 12:49:10+00:00,2018-04-21 12:49:10+00:00,1,1,3,3,7.4633812457221085,0.0,6,12.7,3.0,3.0,1.0,inf,0.263791923340178,0.0,9.39252361396304
Dimitrios Liapis,2018-11-06 23:03:20+00:00,2018-11-06 23:03:20+00:00,1,4,139,11,6.91854893908282,0.0,150,289.3,139.0,11.0,4.0,inf,0.3182751540041068,0.0,216.32155030800823
Dmitrii Bocharov,2023-08-20 21:00:44+00:00,2023-09-03 18:43:26+00:00,2,9,98,174,2.132785763175907,0.03559206023271732,272,294.8,49.0,87.0,4.5,56.192307692307686,0.8006844626967831,0.01668806161745828,242.50421302517572
Dmitriy Bogdanov,2021-09-10 13:38:42+00:00,2021-09-10 13:38:42+00:00,1,17,134,129,4.073921971252567,0.0,263,340.9,134.0,129.0,17.0,inf,0.6027378507871322,0.0,269.45099999999996
Dmitry Katsubo,2012-02-15 15:31:30+00:00,2013-08-13 16:08:12+00:00,5,16,1476,80,13.64271047227926,1.4921286789869952,1556,3020.2,295.2,16.0,3.2,3.3509174311926606,0.0,0.10937186433875176,2163.6887357013848
Dmitry Sulman,2025-03-05 14:17:47+00:00,2025-05-23 19:43:12+00:00,7,18,513,60,0.5913757700205339,0.216290212183436,573,1094.6,73.28571428571429,8.571428571428571,2.5714285714285716,32.36392405063291,0.972621492128679,0.36574074074074076,985.9656950148299
Dmytro Nosan,2019-06-12 12:49:19+00:00,2025-05-31 13:25:24+00:00,2,8,137,14,6.321697467488022,5.968514715947981,151,292.6,68.5,7.0,4.0,0.33509174311926604,0.9748117727583847,0.9441316587267216,289.04242720788136
Do Nhu Vy,2016-07-17 15:31:22+00:00,2016-07-17 15:31:22+00:00,1,1,1,1,9.22381930184805,0.0,2,7.7,1.0,1.0,1.0,inf,0.08774811772758384,0.0,5.49134907597536
DongHyuk,2021-07-28 13:19:59+00:00,2021-07-28 13:19:59+00:00,1,1,2,2,4.1943874058863795,0.0,4,10.2,2.0,2.0,1.0,inf,0.5906913073237509,0.0,8.043757700205338
DongNyoung Lee,2025-05-06 11:12:36+00:00,2025-05-06 11:12:36+00:00,1,1,1,1,0.4216290212183436,0.0,2,7.7,1.0,1.0,1.0,inf,0.9679671457905544,0.0,6.50800205338809
Donghun Shin,2023-12-03 00:05:26+00:00,2023-12-03 00:05:26+00:00,1,1,1,1,1.8480492813141685,0.0,2,7.7,1.0,1.0,1.0,inf,0.8253251197809719,0.0,6.343250513347022
Donghyeon Kim,2022-11-19 13:52:18+00:00,2022-11-19 13:52:18+00:00,1,4,196,0,2.8829568788501025,0.0,196,397.8,196.0,0.0,4.0,inf,0.7218343600273786,0.0,321.5318562628337
Dridi Boukelmoune,2012-04-16 17:17:39+00:00,2012-04-16 17:17:39+00:00,1,1,21,4,13.475701574264203,0.0,25,49.2,21.0,4.0,1.0,inf,0.0,0.0,34.44
Drummond Dawson,2016-12-01 03:58:52+00:00,2019-10-04 00:38:23+00:00,5,12,70,20,8.851471594798083,2.836413415468857,90,177.4,14.0,4.0,2.4,1.7627895752895753,0.40889801505817935,0.32044540674296323,143.5878284541284
Dzmitry Kabysh,2019-01-08 03:19:36+00:00,2019-01-08 03:19:36+00:00,1,2,66,7,6.74880219028063,0.0,73,140.9,66.0,7.0,2.0,inf,0.33524982888432586,0.0,105.71550513347023
Dávid Csákvári,2024-01-03 13:45:48+00:00,2024-01-03 13:45:48+00:00,1,1,2,0,1.7604380561259412,0.0,2,9.2,2.0,0.0,1.0,inf,0.8340862422997947,0.0,7.591039014373716
Dávid Karnok,2017-04-06 17:15:12+00:00,2017-04-06 17:15:12+00:00,1,1,5,2,8.503764544832306,0.0,7,16.2,5.0,2.0,1.0,inf,0.15975359342915818,0.0,11.728201232032852
D瓜哥,2019-05-23 13:22:11+00:00,2019-05-23 13:22:11+00:00,1,1,1,1,6.376454483230664,0.0,2,7.7,1.0,1.0,1.0,inf,0.37248459958932245,0.0,5.820219712525667
Ed .d,2023-03-08 13:13:29+00:00,2023-03-12 19:17:44+00:00,3,5,54,2,2.5845311430527036,0.010951403148528405,56,125.0,18.0,0.6666666666666666,1.6666666666666667,273.9375,0.7527720739219712,0.00423728813559322,101.69392553857934
Eddú Meléndez,2016-06-01 09:58:46+00:00,2022-05-21 07:53:47+00:00,6,9,120,24,9.349760438056126,5.965776865160849,144,283.8,20.0,4.0,1.5,1.0057365764111978,0.6717316906228611,0.6380673499267935,254.4181451561988
Eddú Meléndez Gonzales,2022-05-15 13:12:03+00:00,2022-05-15 13:12:03+00:00,1,2,3,3,3.3976728268309375,0.0,6,12.9,3.0,3.0,2.0,inf,0.6703627652292949,0.0,10.327151950718685
Eden Tyler-Moss,2023-01-22 06:18:32+00:00,2023-01-22 06:18:32+00:00,1,3,9,4,2.707734428473648,0.0,13,25.6,9.0,4.0,3.0,inf,0.7390828199863108,0.0,20.758078028747434
Eiichi Sato,2017-01-14 11:43:31+00:00,2017-01-14 11:43:31+00:00,1,2,28,1,8.728268309377139,0.0,29,61.9,28.0,1.0,2.0,inf,0.13730321697467485,0.0,44.60486036960985
Eitan Adler,2017-02-02 23:05:11+00:00,2017-02-02 23:06:22+00:00,2,2,2,2,8.676249144421629,0.0,4,15.4,1.0,1.0,1.0,inf,0.14250513347022586,0.0,11.109186858316223
Eko Kurniawan Khannedy,2017-06-03 05:09:28+00:00,2017-06-03 05:09:28+00:00,1,3,48,7,8.344969199178644,0.0,55,105.1,48.0,7.0,3.0,inf,0.175359342915811,0.0,76.33454004106774
Elizabeth Chatman,2015-05-19 18:53:59+00:00,2015-05-19 18:53:59+00:00,1,1,4,3,10.387405886379192,0.0,7,14.7,4.0,3.0,1.0,inf,0.0,0.0,10.29
Elvys Soares,2021-05-23 16:40:36+00:00,2021-05-23 16:40:36+00:00,1,1,4,4,4.375085557837098,0.0,8,15.2,4.0,4.0,1.0,inf,0.572621492128679,0.0,11.945577002053387
Enimiste,2023-03-05 20:58:42+00:00,2023-03-05 20:58:42+00:00,1,1,2,1,2.5927446954141,0.0,3,9.7,2.0,1.0,1.0,inf,0.7508555783709787,0.0,7.882494866529773
Enric Sala,2021-10-18 09:35:45+00:00,2021-10-18 09:35:45+00:00,1,7,173,94,3.969883641341547,0.0,267,399.4,173.0,94.0,7.0,inf,0.6128678986995209,0.0,316.29691581108824
Enrico Freni,2023-10-02 11:11:01+00:00,2023-10-02 11:11:01+00:00,1,1,55,0,2.0150581793292264,0.0,55,115.2,55.0,0.0,1.0,inf,0.8086242299794661,0.0,94.61302669404516
Eric Bottard,2015-02-19 11:36:07+00:00,2015-10-28 14:01:09+00:00,2,2,6,5,10.63107460643395,0.6872005475701575,11,24.9,3.0,2.5,1.0,2.9103585657370514,0.015742642026009612,0.06464074169456606,17.730231938196347
Eric Dahl,2013-11-24 02:43:38+00:00,2013-11-24 02:43:38+00:00,1,37,55,55,11.871321013004792,0.0,110,149.9,55.0,55.0,37.0,inf,0.0,0.0,104.92999999999999
Eric Deandrea,2018-04-18 17:53:33+00:00,2018-04-18 17:53:33+00:00,1,4,446,0,7.471594798083505,0.0,446,897.8,446.0,0.0,4.0,inf,0.2629705681040384,0.0,663.8742464065707
Eric Haag,2023-07-07 16:16:20+00:00,2024-01-18 21:26:48+00:00,4,6,122,61,2.2532511978097194,0.5338809034907598,183,295.7,30.5,15.25,1.5,7.4923076923076914,0.8381930184804929,0.23693803159173757,254.67743772595375
Eric Helgeson,2019-12-06 18:02:22+00:00,2019-12-06 18:02:22+00:00,1,1,1,1,5.83709787816564,0.0,2,7.7,1.0,1.0,1.0,inf,0.4264202600958248,0.0,5.882515400410678
Eric Hettiaratchi,2019-07-08 14:33:33+00:00,2019-07-08 14:33:33+00:00,1,1,53,0,6.250513347022587,0.0,53,111.2,53.0,0.0,1.0,inf,0.38507871321013,0.0,84.26311293634495
Eric Jain,2016-10-27 01:35:49+00:00,2016-10-27 01:35:49+00:00,1,1,2,2,8.947296372347708,0.0,4,10.2,2.0,2.0,1.0,inf,0.11540041067761808,0.0,7.316562628336754
Eric Pabst,2017-10-30 14:53:13+00:00,2017-10-30 14:53:13+00:00,1,2,25,3,7.9370294318959616,0.0,28,56.9,25.0,3.0,2.0,inf,0.21642710472279258,0.0,41.67720533880903
Eric Weinberg,2012-11-05 23:23:36+00:00,2012-11-05 23:23:36+00:00,1,1,15,11,12.919917864476385,0.0,26,40.7,15.0,11.0,1.0,inf,0.0,0.0,28.49
Erik Olsson,2016-08-17 16:07:47+00:00,2016-08-17 16:07:47+00:00,1,1,19,1,9.138945927446954,0.0,20,43.7,19.0,1.0,1.0,inf,0.09623545516769327,0.0,31.22082340862423
Erik van Paassen,2013-11-13 13:52:41+00:00,2021-08-22 12:10:25+00:00,3,5,18,5,11.898699520876113,7.770020533880904,23,54.5,6.0,1.6666666666666667,1.6666666666666667,0.38609936575052856,0.5975359342915811,0.6530142659917165,48.37324788731596
Esko Luontola,2015-05-19 19:09:37+00:00,2015-05-19 19:09:37+00:00,1,1,1,1,10.387405886379192,0.0,2,7.7,1.0,1.0,1.0,inf,0.0,0.0,5.39
Eugene,2020-07-27 16:29:57+00:00,2020-07-27 16:29:57+00:00,1,5,23,31,5.196440793976728,0.0,54,67.5,23.0,31.0,5.0,inf,0.49048596851471593,0.0,52.216170431211495
Evgenii Koba,2020-04-18 04:48:01+00:00,2020-04-18 04:48:01+00:00,1,3,47,1,5.47296372347707,0.0,48,100.1,47.0,1.0,3.0,inf,0.4628336755646817,0.0,77.01944763860368
Evgeny Nikonchuk,2023-05-24 08:31:12+00:00,2023-05-24 08:31:12+00:00,1,1,0,2,2.3737166324435317,0.0,2,6.2,0.0,2.0,1.0,inf,0.7724845995893224,0.0,5.0584106776180695
Ezequiel Ballesi,2012-11-02 17:04:59+00:00,2012-11-27 00:57:57+00:00,3,4,120,7,12.928131416837783,0.06570841889117043,127,259.3,40.0,2.3333333333333335,1.3333333333333333,45.65625,0.0,0.005082592121982211,181.7076874205845
Fabian Gonzalez,2022-06-13 21:37:58+00:00,2022-06-13 21:37:58+00:00,1,1,2,1,3.3182751540041067,0.0,3,9.7,2.0,1.0,1.0,inf,0.6783025325119781,0.0,7.776930184804927
Fabrice Bibonne,2023-12-22 09:13:52+00:00,2025-07-21 07:44:59+00:00,2,2,4,1,1.7932922655715264,1.5770020533880904,5,18.9,2.0,0.5,1.0,1.2682291666666665,0.9885010266940452,0.8793893129770992,18.52546911296769
Fabrizio Cucci,2018-02-11 10:14:21+00:00,2018-02-11 10:14:21+00:00,1,1,1,1,7.652292950034223,0.0,2,7.7,1.0,1.0,1.0,inf,0.2449007529089664,0.0,5.672860369609856
Fabrizio De Felice,2023-11-06 10:19:10+00:00,2023-11-06 10:19:10+00:00,1,1,10,4,1.919233401779603,0.0,14,27.2,10.0,4.0,1.0,inf,0.8182067077344285,0.0,22.378283367556467
Fawzi Essam,2025-04-05 11:58:12+00:00,2025-04-05 11:58:12+00:00,1,1,52,0,0.5065023956194388,0.0,52,109.2,52.0,0.0,1.0,inf,0.9594798083504449,0.0,92.1562792607803
Federico Donnarumma,2016-11-25 20:33:49+00:00,2016-11-25 20:33:49+00:00,1,2,83,2,8.865160848733744,0.0,85,172.4,83.0,2.0,2.0,inf,0.12361396303901429,0.0,123.87665708418889
Fedor Bobin,2013-05-30 09:49:19+00:00,2013-05-30 09:49:19+00:00,1,1,1,1,12.355920602327172,0.0,2,7.7,1.0,1.0,1.0,inf,0.0,0.0,5.39
Felipe,2024-01-20 13:36:51+00:00,2024-01-20 13:36:51+00:00,1,7,88,20,1.7138945927446954,0.0,108,192.4,88.0,20.0,7.0,inf,0.8387405886379192,0.0,158.88605338809035
Felix,2015-07-17 12:50:39+00:00,2024-03-22 17:33:30+00:00,2,3,36,2,10.225872689938399,8.681724845995893,38,83.6,18.0,1.0,1.5,0.2303689687795648,0.8557152635181382,0.8489959839357429,79.89707904307166
Ferdinand Jacobs,2019-12-22 15:48:58+00:00,2019-12-22 15:48:58+00:00,1,1,2,2,5.793292265571527,0.0,4,10.2,2.0,2.0,1.0,inf,0.4308008213552361,0.0,7.799125256673511
Filip Blondeel,2023-04-03 07:05:02+00:00,2023-04-03 07:05:02+00:00,1,1,1,1,2.513347022587269,0.0,2,7.7,1.0,1.0,1.0,inf,0.7585215605749487,0.0,6.266092402464066
Filip Hrisafov,2021-03-18 15:25:34+00:00,2021-03-18 15:25:34+00:00,1,2,79,4,4.555783709787817,0.0,83,165.4,79.0,4.0,2.0,inf,0.5545516769336072,0.0,129.53842710472279
Florian Berger,2020-02-26 17:05:30+00:00,2020-02-26 17:05:30+00:00,1,1,4,4,5.6125941136208075,0.0,8,15.2,4.0,4.0,1.0,inf,0.448870636550308,0.0,11.6634250513347
Florian Kirmaier,2021-04-27 12:56:38+00:00,2021-04-27 12:56:38+00:00,1,1,4,5,4.446269678302532,0.0,9,15.7,4.0,5.0,1.0,inf,0.5655030800821355,0.0,12.321759753593428
Florian Lehmann,2023-01-18 21:59:29+00:00,2023-01-18 21:59:29+00:00,1,5,161,2,2.7186858316221767,0.0,163,329.0,161.0,2.0,5.0,inf,0.7382614647501711,0.0,266.7332032854209
Francesco Komauli,2018-11-29 15:36:56+00:00,2018-11-29 15:36:56+00:00,1,1,1,1,6.855578370978781,0.0,2,7.7,1.0,1.0,1.0,inf,0.3245722108145106,0.0,5.764880903490759
Frank Chen,2022-01-14 12:20:18+00:00,2022-01-14 12:20:18+00:00,1,1,12,0,3.728952772073922,0.0,12,29.2,12.0,0.0,1.0,inf,0.6372347707049966,0.0,23.231088295687883
Frank Scheffler,2019-02-26 19:46:41+00:00,2019-02-26 19:46:41+00:00,1,22,1034,0,6.611909650924025,0.0,1034,2077.4,1034.0,0.0,22.0,inf,0.3489390828199863,0.0,1562.9129075975359
François Guillot,2019-09-30 12:14:36+00:00,2019-09-30 12:14:36+00:00,1,2,31,46,6.020533880903491,0.0,77,90.4,31.0,46.0,2.0,inf,0.4080766598220398,0.0,68.81351950718685
Frederick Zhang,2021-08-04 07:15:18+00:00,2021-08-04 07:15:18+00:00,1,8,71,34,4.175222450376454,0.0,105,165.6,71.0,34.0,8.0,inf,0.5923340177960301,0.0,130.63357700205339
Frederik Boster,2019-08-05 13:23:15+00:00,2019-11-25 14:02:13+00:00,2,4,68,6,6.1738535249828885,0.3066392881587953,74,149.8,34.0,3.0,2.0,6.522321428571429,0.4234086242299795,0.049667405764966734,115.49001839398645
Fredrik Sundberg,2012-12-04 20:01:35+00:00,2017-04-18 17:36:46+00:00,3,3,8,8,12.840520191649555,4.3668720054757015,16,35.6,2.6666666666666665,2.6666666666666665,1.0,0.6869905956112853,0.1630390143737166,0.3400852878464819,27.60668377385586
Gabriel,2021-04-08 17:39:53+00:00,2021-04-08 17:39:53+00:00,1,2,27,0,4.498288843258043,0.0,27,59.4,27.0,0.0,2.0,inf,0.5603011635865845,0.0,46.572283367556466
Gabriel Axel,2013-08-21 12:21:19+00:00,2013-08-21 12:21:19+00:00,1,2,18,2,12.128678986995208,0.0,20,42.4,18.0,2.0,2.0,inf,0.0,0.0,29.679999999999996
Gabriel Ramirez,2023-12-08 17:31:17+00:00,2023-12-08 17:31:17+00:00,1,1,1,1,1.8316221765913758,0.0,2,7.7,1.0,1.0,1.0,inf,0.8269678302532513,0.0,6.345147843942505
Gang Cheng,2025-02-08 04:01:25+00:00,2025-02-08 04:01:25+00:00,1,1,1,0,0.6625598904859685,0.0,1,7.2,1.0,0.0,1.0,inf,0.9438740588637919,0.0,6.059383983572895
GardenLee,2020-06-06 15:45:49+00:00,2020-06-10 16:39:21+00:00,2,5,15,17,5.336071184120465,0.010951403148528405,32,49.5,7.5,8.5,2.5,182.625,0.47761806981519506,0.002052334530528476,38.21155275226699
Gareth Davis,2012-10-28 02:43:35+00:00,2012-10-28 02:43:35+00:00,1,4,45,8,12.944558521560575,0.0,53,99.8,45.0,8.0,4.0,inf,0.0,0.0,69.86
Gary Hale,2019-12-23 14:14:33+00:00,2020-01-16 09:50:18+00:00,3,3,3,3,5.790554414784395,0.06297056810403832,6,23.1,1.0,1.0,1.0,47.64130434782609,0.4376454483230664,0.010874704491725767,17.724122329503256
Gary Russell,2012-03-19 23:59:10+00:00,2021-06-16 17:17:02+00:00,14,23,703,69,13.552361396303901,9.240246406570842,772,1515.1,50.214285714285715,4.928571428571429,1.6428571428571428,1.515111111111111,0.579192334017796,0.6818181818181819,1347.1535548814634
GatinMI,2022-02-28 20:29:28+00:00,2022-02-28 20:29:28+00:00,1,1,3,3,3.6057494866529773,0.0,6,12.7,3.0,3.0,1.0,inf,0.6495550992470911,0.0,10.127402464065709
Gaurav Deshpande,2019-06-22 19:34:05+00:00,2019-06-22 19:34:05+00:00,1,1,1,1,6.294318959616701,0.0,2,7.7,1.0,1.0,1.0,inf,0.38069815195071866,0.0,5.82970636550308
Gediminas Rimša,2021-01-28 15:17:10+00:00,2021-01-28 15:17:10+00:00,1,1,1,1,4.689938398357289,0.0,2,7.7,1.0,1.0,1.0,inf,0.5411362080766599,0.0,6.015012320328541
George Papadopoulos,2024-04-30 16:12:14+00:00,2024-04-30 16:12:14+00:00,1,2,25,1,1.4373716632443532,0.0,26,55.9,25.0,1.0,2.0,inf,0.8663928815879535,0.0,46.39470431211498
Georgi Ushev,2021-08-31 07:37:29+00:00,2021-08-31 07:37:29+00:00,1,1,1,1,4.101300479123887,0.0,2,7.7,1.0,1.0,1.0,inf,0.5997262149212867,0.0,6.082683778234086
Gergely Nagy,2021-07-01 09:27:59+00:00,2021-07-01 09:27:59+00:00,1,1,1,1,4.268309377138946,0.0,2,7.7,1.0,1.0,1.0,inf,0.583025325119781,0.0,6.063394250513347
Gihwan Kim,2023-12-28 12:02:27+00:00,2023-12-28 12:02:27+00:00,1,1,2,2,1.7768651608487338,0.0,4,10.2,2.0,2.0,1.0,inf,0.8324435318275154,0.0,8.413638603696096
Gildas Cuisinier,2014-05-24 16:29:52+00:00,2014-05-24 16:29:52+00:00,1,1,2,2,11.373032169746748,0.0,4,10.2,2.0,2.0,1.0,inf,0.0,0.0,7.139999999999999
Giuseppe,2023-03-22 10:21:03+00:00,2023-03-22 10:21:03+00:00,1,1,1,1,2.546201232032854,0.0,2,7.7,1.0,1.0,1.0,inf,0.7555099247091034,0.0,6.262613963039015
Giuseppe Milicia,2023-03-29 18:49:41+00:00,2023-03-29 18:49:41+00:00,1,5,38,1,2.5270362765229293,0.0,39,82.5,38.0,1.0,5.0,inf,0.7574264202600958,0.0,67.12315195071868
Gleidson Leopoldo,2022-02-01 09:26:14+00:00,2022-02-01 09:26:14+00:00,1,3,64,5,3.679671457905544,0.0,69,136.1,64.0,5.0,3.0,inf,0.6418891170431211,0.0,108.37416632443531
Glyn Normington,2013-01-03 14:50:45+00:00,2013-01-04 11:34:16+00:00,2,4,199,103,12.758384668035593,0.0,302,460.3,99.5,51.5,2.0,inf,0.0,0.0,322.21
Gonçalo Silva,2024-08-08 15:50:13+00:00,2024-08-08 15:50:13+00:00,1,1,1,1,1.163586584531143,0.0,2,7.7,1.0,1.0,1.0,inf,0.8937713894592745,0.0,6.422305954825462
Graham Lea,2014-04-18 03:38:28+00:00,2014-04-18 03:38:28+00:00,1,1,13,0,11.474332648870636,0.0,13,31.2,13.0,0.0,1.0,inf,0.0,0.0,21.84
Grant Fleming,2021-09-09 11:26:44+00:00,2021-09-09 11:26:44+00:00,1,1,1,1,4.076659822039699,0.0,2,7.7,1.0,1.0,1.0,inf,0.6024640657084189,0.0,6.085845995893224
Grant Hutchins,2017-03-23 17:06:08+00:00,2017-09-12 15:55:08+00:00,2,2,2,2,8.542094455852157,0.47091033538672145,4,15.4,1.0,1.0,1.0,4.247093023255814,0.20328542094455848,0.05512820512820513,11.376935476228084
Greg Turnquist,2014-01-10 21:30:36+00:00,2017-08-30 21:05:05+00:00,4,6,474,4,11.739904175222451,3.6331279945242985,478,971.2,118.5,1.0,1.5,1.1009796533534288,0.19972621492128673,0.30946828358208955,754.0194545419719
Gregory Vandenbroucke,2017-04-28 18:36:13+00:00,2017-04-28 18:36:13+00:00,1,2,65,1,8.4435318275154,0.0,66,135.9,65.0,1.0,2.0,inf,0.16577686516084866,0.0,98.5093613963039
Grigory Stepanov,2023-01-18 17:14:06+00:00,2023-01-18 17:14:06+00:00,1,3,37,11,2.7186858316221767,0.0,48,85.1,37.0,11.0,3.0,inf,0.7382614647501711,0.0,68.99390759753592
Grzegorz Rożniecki,2013-07-29 16:32:19+00:00,2013-10-07 12:23:17+00:00,3,4,29,28,12.191649555099247,0.188911704312115,57,87.8,9.666666666666666,9.333333333333334,1.3333333333333333,15.880434782608695,0.0,0.01549517179429598,61.66407141253087
Guilherme Alan Ritter,2018-07-10 13:30:56+00:00,2018-07-10 13:30:56+00:00,1,1,1,1,7.24435318275154,0.0,2,7.7,1.0,1.0,1.0,inf,0.28569472963723475,0.0,5.719977412731006
Guirong Hu,2021-12-15 05:24:45+00:00,2021-12-15 05:24:45+00:00,1,3,71,2,3.811088295687885,0.0,73,148.6,71.0,2.0,3.0,inf,0.628747433264887,0.0,118.03478028747432
GungnirLaevatain,2019-08-08 15:14:29+00:00,2021-02-27 09:44:02+00:00,6,9,88,43,6.165639972621492,1.5550992470910336,131,229.3,14.666666666666666,7.166666666666667,1.5,3.8582746478873235,0.5490759753593429,0.2522202486678508,188.0705836254153
Gurps Bassi,2020-04-01 21:02:24+00:00,2020-04-01 21:02:24+00:00,1,1,3,3,5.516769336071184,0.0,6,12.7,3.0,3.0,1.0,inf,0.45845311430527036,0.0,9.763353182751539
Gustav,2025-08-29 11:17:18+00:00,2025-08-29 11:17:18+00:00,1,1,1,1,0.10677618069815195,0.0,2,7.7,1.0,1.0,1.0,inf,0.9994524298425735,0.0,6.544367556468172
Gyllsdorff,2018-12-26 12:13:09+00:00,2018-12-26 12:13:09+00:00,1,1,1,1,6.781656399726215,0.0,2,7.7,1.0,1.0,1.0,inf,0.3319644079397672,0.0,5.773418891170431
Habin Song,2024-10-14 15:57:43+00:00,2024-10-16 07:55:55+00:00,3,3,4,4,0.9801505817932923,0.0027378507871321013,8,25.6,1.3333333333333333,1.3333333333333333,1.0,1095.75,0.9123887748117727,0.002793296089385475,21.43429915226045
Han Li,2023-04-24 14:45:24+00:00,2023-04-24 14:45:24+00:00,1,1,12,35,2.455852156057495,0.0,47,46.7,12.0,35.0,1.0,inf,0.7645448323066393,0.0,38.04563655030801
Hannes Metssalu,2018-07-26 10:12:23+00:00,2018-07-26 10:12:23+00:00,1,1,1,1,7.200547570157426,0.0,2,7.7,1.0,1.0,1.0,inf,0.2900752908966461,0.0,5.7250369609856255
Hanope,2018-11-19 03:43:58+00:00,2018-11-19 03:43:58+00:00,1,76,137,137,6.885694729637235,0.0,274,362.7,137.0,137.0,76.0,inf,0.3215605749486653,0.0,271.3845030800821
Hantsy Bai,2021-10-13 13:27:02+00:00,2021-10-13 13:27:02+00:00,1,1,1,1,3.9835728952772076,0.0,2,7.7,1.0,1.0,1.0,inf,0.611772758384668,0.0,6.096597535934291
Harry Yang,2023-03-25 04:02:39+00:00,2024-07-07 12:51:43+00:00,4,6,141,160,2.54072553045859,1.2867898699520877,301,383.2,35.25,40.0,1.5,3.108510638297872,0.8850102669404517,0.5064655172413793,348.2220280747716
Haruki Okada,2017-10-23 04:47:05+00:00,2017-10-23 04:47:05+00:00,1,1,4,4,7.958932238193018,0.0,8,15.2,4.0,4.0,1.0,inf,0.21423682409308697,0.0,11.128459958932238
Hasan Kara,2015-11-01 15:02:02+00:00,2015-11-01 15:02:02+00:00,1,1,1,1,9.932922655715263,0.0,2,7.7,1.0,1.0,1.0,inf,0.016837782340862417,0.0,5.409447638603696
HeartPattern,2023-12-07 06:59:25+00:00,2023-12-07 06:59:25+00:00,1,2,43,0,1.834360027378508,0.0,43,91.4,43.0,0.0,2.0,inf,0.8264202600958248,0.0,75.31022176591377
HeemangHan,2018-11-17 15:31:01+00:00,2018-11-17 15:31:01+00:00,1,17,41,41,6.888432580424367,0.0,82,110.9,41.0,41.0,17.0,inf,0.32128678986995207,0.0,82.97460574948666
HejiaHo,2014-04-14 15:17:14+00:00,2014-04-14 15:17:14+00:00,1,1,1,1,11.482546201232033,0.0,2,7.7,1.0,1.0,1.0,inf,0.0,0.0,5.39
Hejow,2024-10-23 16:31:38+00:00,2024-10-23 16:31:38+00:00,1,5,5,6,0.9555099247091033,0.0,11,19.0,5.0,6.0,5.0,inf,0.9145790554414784,0.0,15.906550308008214
Henning Poettker,2022-01-01 21:53:21+00:00,2023-12-07 18:20:02+00:00,3,15,208,8,3.7645448323066395,1.9274469541409993,216,438.0,69.33333333333333,2.6666666666666665,5.0,1.5564630681818181,0.8266940451745379,0.512,394.5521987679671
Heo YounHaeng,2023-06-05 06:32:37+00:00,2023-06-05 06:32:37+00:00,1,1,1,1,2.3408624229979464,0.0,2,7.7,1.0,1.0,1.0,inf,0.7757700205338809,0.0,6.286014373716632
Honnix,2019-12-31 17:58:48+00:00,2019-12-31 17:58:48+00:00,1,1,3,3,5.768651608487337,0.0,6,12.7,3.0,3.0,1.0,inf,0.43326488706365507,0.0,9.715369609856262
Hosam Aly,2024-10-11 15:45:35+00:00,2024-11-05 18:26:29+00:00,2,2,3,3,0.9883641341546886,0.06844626967830253,6,17.9,1.5,1.5,1.0,29.220000000000002,0.9181382614647502,0.06925207756232686,15.181143060287699
Hronom,2015-10-23 13:45:02+00:00,2015-10-23 13:45:02+00:00,1,3,91,13,9.957563312799453,0.0,104,194.1,91.0,13.0,3.0,inf,0.014373716632443467,0.0,136.28849075975356
Hubert Wo,2021-07-10 09:37:18+00:00,2021-07-10 09:37:18+00:00,1,1,1,1,4.243668720054757,0.0,2,7.7,1.0,1.0,1.0,inf,0.5854893908281998,0.0,6.06624024640657
Hunhee Lee,2024-07-08 14:25:32+00:00,2024-07-08 14:25:32+00:00,1,1,1,1,1.2484599589322383,0.0,2,7.7,1.0,1.0,1.0,inf,0.8852840520191649,0.0,6.412503080082135
HyeongMokJeong,2023-12-05 11:23:34+00:00,2023-12-05 11:23:34+00:00,1,1,13,0,1.839835728952772,0.0,13,31.2,13.0,0.0,1.0,inf,0.8261464750171116,0.0,25.706365503080082
Hyeonmin Park,2021-04-08 10:42:27+00:00,2021-04-08 10:42:27+00:00,1,1,1,1,4.498288843258043,0.0,2,7.7,1.0,1.0,1.0,inf,0.5603011635865845,0.0,6.037147843942504
Hyoungjune,2024-02-29 07:26:26+00:00,2024-02-29 07:26:26+00:00,1,11,177,2,1.6043805612594113,0.0,179,362.2,177.0,2.0,11.0,inf,0.8494182067077345,0.0,299.6888911704312
Hyunjin Choi,2020-01-17 12:23:45+00:00,2020-02-24 02:42:45+00:00,12,28,108,122,5.722108145106092,0.10130047912388775,230,342.6,9.0,10.166666666666666,2.3333333333333335,118.45945945945947,0.4480492813141683,0.017703349282296648,263.7550276863523
Hyunwoo Kim,2024-10-01 10:33:40+00:00,2024-10-01 10:33:40+00:00,1,1,1,1,1.0157426420260096,0.0,2,7.7,1.0,1.0,1.0,inf,0.9085557837097878,0.0,6.439381930184805
IDJack,2023-01-09 11:54:27+00:00,2023-01-09 11:54:27+00:00,1,1,1,1,2.7433264887063653,0.0,2,7.7,1.0,1.0,1.0,inf,0.7357973990417522,0.0,6.239845995893224
Iain Henderson,2021-10-31 19:05:21+00:00,2021-10-31 19:05:21+00:00,1,40,2398,415,3.9342915811088295,0.0,2813,5016.5,2398.0,415.0,40.0,inf,0.6167008898015058,0.0,3975.6020020533874
Ian Brandt,2012-06-09 18:15:47+00:00,2012-06-09 18:15:47+00:00,1,3,229,19,13.32785763175907,0.0,248,473.1,229.0,19.0,3.0,inf,0.0,0.0,331.17
Ian Chan,2016-01-02 01:41:10+00:00,2016-01-02 01:41:10+00:00,1,1,25,18,9.765913757700206,0.0,43,64.2,25.0,18.0,1.0,inf,0.033538672142368275,0.0,45.262977412731004
Igor Manushin,2020-04-24 21:28:22+00:00,2020-04-24 21:28:22+00:00,1,4,155,5,5.453798767967146,0.0,160,318.3,155.0,5.0,4.0,inf,0.4647501711156742,0.0,244.99949691991785
Igor Mukhin,2016-08-11 13:04:54+00:00,2016-08-11 13:04:54+00:00,1,1,1,0,9.155373032169747,0.0,1,7.2,1.0,0.0,1.0,inf,0.09459274469541401,0.0,5.142160164271047
Igor Suhorukov,2018-04-12 08:37:13+00:00,2018-04-12 08:37:13+00:00,1,2,50,9,7.488021902806297,0.0,59,109.9,50.0,9.0,2.0,inf,0.2610540725530458,0.0,81.23347638603695
Ikko Ashimine,2022-05-31 05:24:09+00:00,2022-07-30 03:34:17+00:00,2,2,2,2,3.353867214236824,0.16153319644079397,4,15.4,1.0,1.0,1.0,12.38135593220339,0.6908966461327858,0.04816326530612245,12.487228395423879
Ilja,2019-04-01 08:14:53+00:00,2019-04-01 08:14:53+00:00,1,3,35,0,6.5188227241615335,0.0,35,75.6,35.0,0.0,3.0,inf,0.3579739904175223,0.0,56.979425051334694
Illia Sorokoumov,2024-09-17 12:17:21+00:00,2024-09-17 12:17:21+00:00,1,1,10,4,1.054072553045859,0.0,14,27.2,10.0,4.0,1.0,inf,0.9047227926078029,0.0,22.731268993839834
Ilya Lukyanovich,2019-05-31 13:48:02+00:00,2019-08-05 10:35:39+00:00,3,7,124,24,6.354551676933607,0.17796030116358658,148,276.4,41.333333333333336,8.0,2.3333333333333335,16.857692307692307,0.39274469541409995,0.028005170185264973,210.92428942774964
Ilya Serkov,2024-10-16 08:53:05+00:00,2024-10-16 08:53:05+00:00,1,2,10,1,0.974674880219028,0.0,11,25.9,10.0,1.0,2.0,inf,0.9123887748117727,0.0,21.674630390143736
Ingmar van Dijk,2020-07-06 07:13:07+00:00,2020-07-06 07:13:07+00:00,1,2,27,9,5.253935660506502,0.0,36,63.9,27.0,9.0,2.0,inf,0.48446269678302534,0.0,49.3735749486653
Inmord,2021-08-31 07:40:28+00:00,2021-08-31 07:40:28+00:00,1,1,4,3,4.101300479123887,0.0,7,14.7,4.0,3.0,1.0,inf,0.5997262149212867,0.0,11.612396303901438
Ippei Nawate,2019-05-06 09:51:28+00:00,2019-05-06 09:51:28+00:00,1,1,1,1,6.422997946611909,0.0,2,7.7,1.0,1.0,1.0,inf,0.3678302532511978,0.0,5.814843942505133
Issam EL-ATIF,2019-05-20 13:21:32+00:00,2019-05-20 13:21:32+00:00,1,6,923,2,6.38466803559206,0.0,925,1853.2,923.0,2.0,6.0,inf,0.37166324435318276,0.0,1400.5549486652976
Issam El-atif,2019-06-01 00:04:48+00:00,2019-06-17 09:26:49+00:00,3,4,127,21,6.354551676933607,0.04380561259411362,148,280.3,42.333333333333336,7.0,1.3333333333333333,68.484375,0.3790554414784395,0.006893580353295993,212.43722662291535
Ivan Zbykovskyi,2022-02-03 11:34:02+00:00,2022-02-03 11:34:02+00:00,1,2,5,2,3.67419575633128,0.0,7,16.4,5.0,2.0,2.0,inf,0.6427104722792608,0.0,13.06106776180698
Ivo Smid,2011-12-18 12:44:54+00:00,2011-12-18 12:44:54+00:00,1,2,272,16,13.804243668720055,0.0,288,557.4,272.0,16.0,2.0,inf,0.0,0.0,390.17999999999995
Jacob Severson,2019-12-06 03:09:38+00:00,2019-12-06 03:09:38+00:00,1,2,50,2,5.839835728952772,0.0,52,106.4,50.0,2.0,2.0,inf,0.42614647501711156,0.0,81.2812977412731
Jakob Fels,2023-01-16 20:00:53+00:00,2023-01-16 20:00:53+00:00,1,6,138,5,2.724161533196441,0.0,143,284.7,138.0,5.0,6.0,inf,0.7377138945927447,0.0,230.79407186858316
Jakub Narloch,2013-03-01 19:10:22+00:00,2015-11-06 21:55:07+00:00,3,9,473,2,12.602327173169062,2.6830937713894594,475,963.8,157.66666666666666,0.6666666666666666,3.0,1.1181122448979592,0.018206707734428562,0.21290462741690203,708.0717657228278
James Stansell,2023-04-14 14:48:07+00:00,2023-04-14 14:48:07+00:00,1,1,1,1,2.4832306639288158,0.0,2,7.7,1.0,1.0,1.0,inf,0.7618069815195072,0.0,6.26988706365503
James Yuzawa,2023-02-10 00:25:17+00:00,2025-03-18 01:10:23+00:00,11,36,494,263,2.6584531143052703,2.099931553730322,757,1181.7,44.90909090909091,23.90909090909091,3.272727272727273,5.238265971316818,0.9542778918548939,0.7899073120494337,1136.3555483180617
Jan Jouke Tjalsma,2024-01-02 15:32:20+00:00,2024-01-02 15:32:20+00:00,1,1,1,5,1.7631759069130732,0.0,6,9.7,1.0,5.0,1.0,inf,0.8338124572210814,0.0,8.003197125256673
Jan Machacek,2013-08-26 11:09:33+00:00,2013-08-27 15:33:44+00:00,2,2,46,1,12.114989733059549,0.0027378507871321013,47,102.9,23.0,0.5,1.0,730.5,0.0,0.00022598870056497175,72.03348813559322
Jan Mewes,2023-05-13 06:36:31+00:00,2023-05-13 06:36:31+00:00,1,1,0,1,2.403832991101985,0.0,1,5.7,0.0,1.0,1.0,inf,0.7694729637234771,0.0,4.647899383983573
Jan Nielsen,2018-01-17 15:19:14+00:00,2018-01-17 16:52:59+00:00,2,2,3,3,7.7207392197125255,0.0,6,17.9,1.5,1.5,1.0,inf,0.23805612594113623,0.0,13.16918069815195
Jan Stamer,2012-06-25 10:52:59+00:00,2012-06-25 10:52:59+00:00,1,6,266,0,13.284052019164955,0.0,266,538.2,266.0,0.0,6.0,inf,0.0,0.0,376.74
Jan-Espen Oversand,2017-02-14 08:25:06+00:00,2017-02-14 08:25:06+00:00,1,1,1,1,8.643394934976044,0.0,2,7.7,1.0,1.0,1.0,inf,0.14551676933607127,0.0,5.558071868583163
Janne Valkealahti,2022-09-05 18:07:07+00:00,2022-09-05 18:07:07+00:00,1,4,42,1,3.0882956878850103,0.0,43,90.3,42.0,1.0,4.0,inf,0.7013004791238877,0.0,72.70911498973305
Janning Vygen,2014-09-30 19:06:55+00:00,2014-11-17 15:26:34+00:00,2,4,13,1,11.019849418206707,0.12867898699520877,14,37.3,6.5,0.5,2.0,15.542553191489361,0.0,0.011677018633540374,26.175332919254654
Jared Wiltshire,2025-02-03 23:45:47+00:00,2025-02-03 23:45:47+00:00,1,3,32,26,0.6735112936344969,0.0,58,82.6,32.0,26.0,3.0,inf,0.942778918548939,0.0,69.50103080082134
Jason,2023-11-13 12:17:37+00:00,2023-11-13 12:17:37+00:00,1,1,2,1,1.9000684462696784,0.0,3,9.7,2.0,1.0,1.0,inf,0.8201232032854209,0.0,7.983279260780287
Jason Yu,2017-09-15 08:54:46+00:00,2017-09-15 08:54:46+00:00,1,1,3,0,8.060232717316905,0.0,3,11.2,3.0,0.0,1.0,inf,0.20383299110198494,0.0,8.182439425051333
Jason Zhekov,2018-06-04 17:36:23+00:00,2018-08-02 15:36:48+00:00,2,2,2,4,7.342915811088296,0.15879534565366188,6,16.4,1.0,2.0,1.0,12.594827586206897,0.2919917864476387,0.02162565249813572,12.251498899806602
Jasper de Vries,2015-05-28 19:30:31+00:00,2015-05-28 19:30:31+00:00,1,3,4,4,10.362765229295004,0.0,8,15.6,4.0,4.0,3.0,inf,0.0,0.0,10.92
Jay Bryant,2017-07-28 13:38:38+00:00,2022-09-15 21:12:41+00:00,17,66,19080,16097,8.19438740588638,5.13347022587269,35177,46306.7,1122.3529411764705,946.8823529411765,3.8823529411764706,3.3116,0.7040383299110199,0.6264617440694955,41656.350166369026
Jeff Nelson,2017-11-29 23:04:29+00:00,2017-11-29 23:04:29+00:00,1,1,26,15,7.854893908281999,0.0,41,64.7,26.0,15.0,1.0,inf,0.2246406570841889,0.0,47.470137577002056
Jendrik Johannes,2020-01-02 09:29:55+00:00,2020-01-02 09:29:55+00:00,1,7,34,29,5.763175906913073,0.0,63,88.9,34.0,29.0,7.0,inf,0.4335386721423682,0.0,68.01123819301849
Jennifer Hickey,2009-05-19 21:02:43+00:00,2009-05-19 21:02:43+00:00,1,9,349,13,16.386036960985628,0.0,362,711.3,349.0,13.0,9.0,inf,0.0,0.0,497.9099999999999
Jens Dietrich,2022-09-14 01:43:21+00:00,2022-09-14 01:43:21+00:00,1,1,1,1,3.0663928815879533,0.0,2,7.7,1.0,1.0,1.0,inf,0.7034907597535934,0.0,6.2025318275154
Jens Schauder,2021-10-01 07:33:17+00:00,2021-10-01 07:33:17+00:00,1,1,2,4,4.016427104722792,0.0,6,11.2,2.0,4.0,1.0,inf,0.6082135523613963,0.0,8.861798767967144
Jeoffrey Haeyaert,2019-03-28 21:14:28+00:00,2019-03-28 21:14:28+00:00,1,3,25,0,6.529774127310062,0.0,25,55.6,25.0,0.0,3.0,inf,0.3571526351813826,0.0,41.89865297741273
Jeon Ilwoong,2021-05-07 09:31:45+00:00,2021-05-07 09:31:45+00:00,1,2,40,1,4.418891170431212,0.0,41,85.9,40.0,1.0,2.0,inf,0.5679671457905544,0.0,67.4482566735113
Jeremy Grelle,2009-09-17 22:39:35+00:00,2013-09-22 19:17:15+00:00,15,85,3470,1047,16.05475701574264,4.010951403148528,4517,7555.5,231.33333333333334,69.8,5.666666666666667,3.7397610921501707,0.0,0.2498294679399727,5571.987981753069
Jeremy Wright,2018-04-30 20:30:27+00:00,2018-04-30 20:30:27+00:00,1,1,1,1,7.438740588637919,0.0,2,7.7,1.0,1.0,1.0,inf,0.2662559890485968,0.0,5.697525667351129
Jeroen Meijer,2025-06-30 13:05:31+00:00,2025-06-30 13:05:31+00:00,1,2,17,0,0.27104722792607805,0.0,17,39.4,17.0,0.0,2.0,inf,0.983025325119781,0.0,33.389679671457905
Jerome Prinet,2021-11-19 13:36:27+00:00,2023-02-14 13:31:36+00:00,6,6,7,7,3.8822724161533197,1.2347707049965777,14,48.7,1.1666666666666667,1.1666666666666667,1.0,4.85920177383592,0.7456536618754278,0.31805359661495064,41.86038152327222
Jerzy,2019-04-01 11:11:05+00:00,2019-04-01 11:11:05+00:00,1,1,1,1,6.5188227241615335,0.0,2,7.7,1.0,1.0,1.0,inf,0.35824777549623543,0.0,5.803776180698152
Jiandong Ma,2025-07-03 11:57:53+00:00,2025-07-03 11:57:53+00:00,1,2,4,4,0.26283367556468173,0.0,8,15.4,4.0,4.0,2.0,inf,0.9838466803559206,0.0,13.052685831622176
Jiayi Li,2022-05-18 02:49:28+00:00,2022-05-18 02:49:28+00:00,1,1,18,0,3.3921971252566734,0.0,18,41.2,18.0,0.0,1.0,inf,0.6709103353867214,0.0,32.98622587268994
Jimmy Axenhus,2025-04-28 14:28:27+00:00,2025-04-28 14:28:27+00:00,1,1,1,1,0.44353182751540043,0.0,2,7.7,1.0,1.0,1.0,inf,0.9657768651608487,0.0,6.50547227926078
Jinghu Wang,2018-04-05 12:24:30+00:00,2018-04-05 12:24:30+00:00,1,2,3,1,7.507186858316222,0.0,4,11.9,3.0,1.0,2.0,inf,0.25941136208076654,0.0,8.793049281314168
Jinhui-Z,2021-03-25 06:06:34+00:00,2021-03-25 06:06:34+00:00,1,4,132,0,4.5366187542778915,0.0,132,269.8,132.0,0.0,4.0,inf,0.5561943874058863,0.0,211.3691868583162
Jinsoo Park,2018-02-19 07:37:36+00:00,2018-02-19 07:37:36+00:00,1,1,1,1,7.630390143737166,0.0,2,7.7,1.0,1.0,1.0,inf,0.2468172484599589,0.0,5.6750739219712525
Joakim Mohn,2023-03-18 20:28:34+00:00,2023-03-18 20:28:34+00:00,1,1,15,0,2.5571526351813825,0.0,15,35.2,15.0,0.0,1.0,inf,0.7544147843942505,0.0,28.623310061601643
Johannes Edmeier,2018-04-25 19:00:37+00:00,2018-04-25 19:00:37+00:00,1,1,2,1,7.452429842573579,0.0,3,9.7,2.0,1.0,1.0,inf,0.2648870636550308,0.0,7.175410677618069
Johannes Jank,2025-06-02 09:46:42+00:00,2025-06-02 09:46:42+00:00,1,1,1,1,0.34770704996577684,0.0,2,7.7,1.0,1.0,1.0,inf,0.9750855578370978,0.0,6.516223819301848
Johannes Teklote,2019-11-12 13:31:42+00:00,2019-11-12 13:31:42+00:00,1,2,92,1,5.90280629705681,0.0,93,189.9,92.0,1.0,2.0,inf,0.41984941820670774,0.0,144.88941067761806
Johannes Wengert,2022-01-04 14:47:54+00:00,2022-04-13 10:16:10+00:00,2,2,12,6,3.756331279945243,0.2683093771389459,18,37.4,6.0,3.0,1.0,7.454081632653061,0.6616016427104723,0.07142857142857142,30.29229950132003
John,2015-01-07 05:28:51+00:00,2015-01-07 05:28:51+00:00,1,1,1,1,10.74880219028063,0.0,2,7.7,1.0,1.0,1.0,inf,0.0,0.0,5.39
John Feminella,2016-05-05 18:23:14+00:00,2016-05-05 18:23:14+00:00,1,1,1,1,9.423682409308693,0.0,2,7.7,1.0,1.0,1.0,inf,0.06776180698151946,0.0,5.468264887063655
John Gesimondo,2024-02-07 21:33:43+00:00,2024-02-07 21:33:43+00:00,1,1,1,1,1.6646132785763177,0.0,2,7.7,1.0,1.0,1.0,inf,0.843668720054757,0.0,6.364437371663244
John Lin,2019-04-17 03:40:46+00:00,2019-08-21 11:53:32+00:00,2,2,4,4,6.477754962354552,0.34496919917864477,8,20.4,2.0,2.0,1.0,5.7976190476190474,0.3971252566735113,0.05325443786982249,15.658161865302597
John Ryan,2017-04-21 03:50:14+00:00,2017-04-21 03:50:14+00:00,1,1,1,1,8.465434633812457,0.0,2,7.7,1.0,1.0,1.0,inf,0.16358658453114305,0.0,5.57894250513347
John S. Ryan,2017-04-08 22:20:42+00:00,2017-04-08 22:20:42+00:00,1,1,1,1,8.498288843258042,0.0,2,7.7,1.0,1.0,1.0,inf,0.16030116358658453,0.0,5.5751478439425055
John Tims,2015-02-11 18:10:38+00:00,2015-02-11 18:10:38+00:00,1,1,1,1,10.652977412731007,0.0,2,7.7,1.0,1.0,1.0,inf,0.0,0.0,5.39
JohnGrib,2019-11-13 05:57:23+00:00,2019-11-13 05:57:23+00:00,1,1,1,1,5.900068446269678,0.0,2,7.7,1.0,1.0,1.0,inf,0.41984941820670774,0.0,5.8749260780287464
Johnny Lim,2015-10-14 07:49:42+00:00,2025-08-14 12:56:51+00:00,187,871,2763,2463,9.982203969883642,9.834360027378509,5226,7866.7,14.775401069518717,13.171122994652407,4.657754010695188,19.01496380846325,0.9953456536618754,0.9851892484914976,7843.73108721549
Jon Borenstein,2017-04-25 22:00:38+00:00,2017-04-25 22:00:38+00:00,1,8,29,34,8.451745379876797,0.0,63,81.6,29.0,34.0,8.0,inf,0.1649555099247092,0.0,59.13905544147843
Jonatan Ivanov,2024-08-07 23:33:29+00:00,2024-08-08 02:03:03+00:00,3,3,8,10,1.1663244353182751,0.0,18,36.6,2.6666666666666665,3.3333333333333335,1.0,inf,0.8934976043805613,0.0,30.52530184804928
Jonathan Bluett-Duncan,2019-08-19 17:19:49+00:00,2019-08-19 17:19:49+00:00,1,2,32,6,6.135523613963039,0.0,38,72.4,32.0,6.0,2.0,inf,0.3965776865160848,0.0,54.98683367556468
Jorg Heymans,2019-03-12 07:20:10+00:00,2019-03-12 07:20:10+00:00,1,1,3,3,6.573579739904175,0.0,6,12.7,3.0,3.0,1.0,inf,0.35249828884325807,0.0,9.561509240246405
Josh Cummings,2019-07-29 13:07:57+00:00,2019-07-29 13:07:57+00:00,1,2,46,0,6.193018480492813,0.0,46,97.4,46.0,0.0,2.0,inf,0.39082819986310746,0.0,73.89
Josh King,2015-06-09 21:06:46+00:00,2015-06-09 21:06:46+00:00,1,2,20,3,10.329911019849419,0.0,23,46.9,20.0,3.0,2.0,inf,0.0,0.0,32.83
Josh Long,2016-09-21 04:24:06+00:00,2016-09-21 04:24:06+00:00,1,1,9,8,9.045859000684462,0.0,17,27.2,9.0,8.0,1.0,inf,0.1055441478439425,0.0,19.470620123203286
Joshua Chen,2025-01-24 14:12:31+00:00,2025-01-24 14:12:31+00:00,1,2,144,8,0.7008898015058179,0.0,152,297.4,144.0,8.0,2.0,inf,0.940041067761807,0.0,250.11523203285418
João Pedro Evangelista,2015-09-22 06:13:04+00:00,2015-09-22 06:13:04+00:00,1,15,44,34,10.042436687200547,0.0,78,113.0,44.0,34.0,15.0,inf,0.005612594113620917,0.0,79.19513347022587
Juergen Hoeller,2008-10-24 10:03:04+00:00,2025-08-24 08:31:01+00:00,7738,37895,545680,599552,16.95277207392197,16.829568788501028,1145232,1437405.0,70.51951408632722,77.48151977255105,4.897260273972603,459.7859931673987,0.9978097193702943,0.992732558139535,1435365.8133606024
Juhyoung Jeon,2018-12-08 13:54:18+00:00,2018-12-08 13:54:18+00:00,1,1,1,1,6.830937713894593,0.0,2,7.7,1.0,1.0,1.0,inf,0.32703627652292944,0.0,5.767726899383983
Julien Eyraud,2019-08-07 19:40:44+00:00,2019-08-07 19:40:44+00:00,1,6,381,8,6.168377823408624,0.0,389,772.2,381.0,8.0,6.0,inf,0.3932922655715264,0.0,586.0950431211498
"JungHoon, Lee",2018-08-27 13:35:00+00:00,2018-08-27 13:35:00+00:00,1,1,1,1,7.112936344969199,0.0,2,7.7,1.0,1.0,1.0,inf,0.29883641341546885,0.0,5.735156057494866
Jupiter,2020-10-19 11:39:32+00:00,2022-07-14 01:43:01+00:00,2,2,2,2,4.9664613278576315,1.730321697467488,4,15.4,1.0,1.0,1.0,1.1558544303797469,0.6865160848733745,0.3484013230429989,13.170659212286822
Jussi Hallila,2017-09-08 08:15:42+00:00,2017-09-08 08:15:42+00:00,1,1,1,1,8.07939767282683,0.0,2,7.7,1.0,1.0,1.0,inf,0.20191649555099245,0.0,5.623213552361396
Justin Tay,2023-03-31 22:54:49+00:00,2023-04-01 13:32:40+00:00,2,4,91,15,2.521560574948665,0.0,106,200.3,45.5,7.5,2.0,inf,0.7582477754962355,0.0,162.9915544147844
K,2021-04-29 15:34:04+00:00,2023-05-31 09:23:27+00:00,2,2,2,2,4.440793976728268,2.083504449007529,4,15.4,1.0,1.0,1.0,0.9599211563731932,0.7744010951403149,0.469173859432799,13.652658145063892
KNU-K,2024-11-17 11:40:11+00:00,2024-11-17 11:40:11+00:00,1,5,29,45,0.8870636550308009,0.0,74,86.5,29.0,45.0,5.0,inf,0.9214236824093087,0.0,72.50547227926077
Kai Zander,2023-04-23 13:50:14+00:00,2024-01-27 10:18:50+00:00,4,18,31,33,2.458590006844627,0.7611225188227242,64,102.1,7.75,8.25,4.5,5.255395683453237,0.8406570841889117,0.30957683741648107,89.08583250938658
Kalmesh Sambrani,2020-01-23 10:04:18+00:00,2020-01-23 10:04:18+00:00,1,1,9,1,5.705681040383299,0.0,10,23.7,9.0,1.0,1.0,inf,0.4395619438740589,0.0,18.15264271047228
Kamil Doroszkiewicz,2025-03-25 09:37:29+00:00,2025-03-25 09:37:29+00:00,1,3,20,8,0.5366187542778919,0.0,28,49.6,20.0,8.0,3.0,inf,0.9561943874058864,0.0,41.8340862422998
Kamil Szymanski,2015-09-17 22:24:42+00:00,2018-12-11 11:12:15+00:00,7,8,15,20,10.056125941136209,3.2306639288158796,35,76.6,2.142857142857143,2.857142857142857,1.1428571428571428,2.166737288135593,0.3278576317590691,0.3212632725292676,61.07839919027298
Kamill Sokol,2015-12-28 12:32:47+00:00,2015-12-28 12:32:47+00:00,1,3,69,15,9.776865160848734,0.0,84,151.1,69.0,15.0,3.0,inf,0.03244353182751536,0.0,106.50533264887062
Kang Baek-kyu,2014-07-30 01:01:55+00:00,2014-07-30 01:01:55+00:00,1,1,2,2,11.19233401779603,0.0,4,10.2,2.0,2.0,1.0,inf,0.0,0.0,7.139999999999999
KangZhiDong,2020-01-03 08:50:12+00:00,2020-01-03 08:50:12+00:00,1,2,3,3,5.760438056125941,0.0,6,12.9,3.0,3.0,2.0,inf,0.4338124572210814,0.0,9.869427104722792
Kasper Bisgaard,2024-03-13 09:20:27+00:00,2024-03-13 09:20:27+00:00,1,2,12,1,1.568788501026694,0.0,13,29.9,12.0,1.0,2.0,inf,0.8529774127310061,0.0,24.75560369609856
"Katada, Junya",2020-05-16 15:07:21+00:00,2020-05-16 15:07:21+00:00,1,2,18,0,5.393566050650239,0.0,18,41.4,18.0,0.0,2.0,inf,0.4707734428473648,0.0,31.90350308008213
KateVasovski,2019-10-14 09:31:16+00:00,2019-10-14 09:31:16+00:00,1,1,9,6,5.982203969883641,0.0,15,26.2,9.0,6.0,1.0,inf,0.4116358658453114,0.0,19.957728952772072
Kazuhiro Sera,2018-08-08 10:26:40+00:00,2018-08-08 10:26:40+00:00,1,38,42,42,7.1649555099247095,0.0,84,117.6,42.0,42.0,38.0,inf,0.29363449691991783,0.0,87.49971252566735
Kazuki MATSUDA,2016-09-18 11:17:09+00:00,2016-09-18 11:17:09+00:00,1,1,2,2,9.051334702258726,0.0,4,10.2,2.0,2.0,1.0,inf,0.10499657768651605,0.0,7.300644763860368
Kazuki Miyahara,2017-02-16 09:22:44+00:00,2017-02-16 09:22:44+00:00,1,1,1,1,8.63791923340178,0.0,2,7.7,1.0,1.0,1.0,inf,0.14606433949349762,0.0,5.5587043121149895
Kazuki Shimizu,2015-02-22 14:58:10+00:00,2018-02-11 16:20:10+00:00,24,36,671,270,10.622861054072553,2.97056810403833,941,1604.2,27.958333333333332,11.25,1.5,8.07926267281106,0.2449007529089664,0.27963917525773196,1249.1600429147525
Kei KATO,2015-10-20 04:39:46+00:00,2015-10-20 04:39:46+00:00,1,1,3,3,9.96851471594798,0.0,6,12.7,3.0,3.0,1.0,inf,0.013278576317590662,0.0,8.91529568788501
Keith Donald,2009-03-06 20:08:33+00:00,2011-09-13 14:31:41+00:00,615,3492,70753,51104,16.588637919233403,2.518822724161533,121857,170831.4,115.04552845528455,83.09593495934959,5.678048780487805,244.16168478260872,0.0,0.1518402376629807,123472.84205644495
Ken Dombeck,2013-01-25 20:13:25+00:00,2013-01-25 20:13:25+00:00,1,1,1,1,12.698151950718685,0.0,2,7.7,1.0,1.0,1.0,inf,0.0,0.0,5.39
Kenzo Spaulding,2021-05-27 05:33:51+00:00,2021-05-27 05:33:51+00:00,1,1,12,1,4.3641341546885695,0.0,13,29.7,12.0,1.0,1.0,inf,0.5734428473648185,0.0,23.344687885010266
Ketan Padegaonkar,2018-01-25 15:46:05+00:00,2018-01-25 15:46:05+00:00,1,1,5,0,7.698836413415469,0.0,5,15.2,5.0,0.0,1.0,inf,0.24024640657084195,0.0,11.187761806981518
Kevin Houtz,2025-02-11 23:58:38+00:00,2025-02-11 23:58:38+00:00,1,2,25,2,0.6516084873374401,0.0,27,56.4,25.0,2.0,2.0,inf,0.9449691991786447,0.0,47.47443942505133
Kevin Schönfeld,2022-06-22 18:44:04+00:00,2022-06-22 18:44:04+00:00,1,3,65,2,3.293634496919918,0.0,67,136.6,65.0,2.0,3.0,inf,0.680766598220397,0.0,109.56890759753593
Kevin Yue,2022-08-31 14:57:16+00:00,2022-12-16 07:55:02+00:00,2,2,6,2,3.1019849418206706,0.29021218343600275,8,23.4,3.0,1.0,1.0,6.891509433962264,0.728952772073922,0.09355692850838483,19.267009049043896
Khyojun,2024-10-04 11:28:24+00:00,2024-10-04 11:28:24+00:00,1,1,1,1,1.0075290896646132,0.0,2,7.7,1.0,1.0,1.0,inf,0.9093771389459274,0.0,6.440330595482546
Kim Saabye Pedersen,2018-12-17 20:32:45+00:00,2018-12-17 20:32:45+00:00,1,1,1,1,6.806297056810404,0.0,2,7.7,1.0,1.0,1.0,inf,0.3295003422313484,0.0,5.770572895277207
KimJuHyun,2024-10-05 14:40:14+00:00,2024-10-13 12:19:11+00:00,2,2,134,3,1.0047912388774811,0.019164955509924708,137,279.9,67.0,1.5,1.0,104.35714285714286,0.9118412046543464,0.01907356948228883,235.0144567921266
Kirill Gavrilov,2017-04-09 16:28:25+00:00,2017-04-09 16:28:25+00:00,1,1,1,1,8.49555099247091,0.0,2,7.7,1.0,1.0,1.0,inf,0.16057494866529765,0.0,5.5754640657084185
Kirill Serebrennikov,2019-09-06 12:13:34+00:00,2019-09-06 12:13:34+00:00,1,7,327,11,6.0862422997946615,0.0,338,665.9,327.0,11.0,7.0,inf,0.4015058179329227,0.0,506.23440862422996
"Kita, Maksim",2019-11-18 07:20:15+00:00,2019-11-18 07:20:15+00:00,1,7,110,1,5.886379192334018,0.0,111,226.9,110.0,1.0,7.0,inf,0.42121834360027377,0.0,173.1661663244353
Koen Punt,2021-10-13 12:00:29+00:00,2022-04-14 11:31:02+00:00,3,3,5,5,3.9835728952772076,0.49828884325804246,10,28.1,1.6666666666666667,1.6666666666666667,1.0,6.020604395604395,0.6618754277891855,0.12508591065292096,22.987042041533478
Koen Serneels,2021-01-25 21:14:16+00:00,2021-01-25 21:14:16+00:00,1,1,46,3,4.698151950718686,0.0,49,98.7,46.0,3.0,1.0,inf,0.5403148528405202,0.0,77.0893613963039
Konrad Kamiński,2017-12-13 15:16:05+00:00,2017-12-13 15:16:05+00:00,1,3,168,4,7.816563997262149,0.0,172,343.6,168.0,4.0,3.0,inf,0.22847364818617388,0.0,252.2955318275154
Konstantin Petrukhnov,2014-02-24 13:17:20+00:00,2014-02-24 13:17:20+00:00,1,1,1,1,11.616700889801505,0.0,2,7.7,1.0,1.0,1.0,inf,0.0,0.0,5.39
Koos Gadellaa,2021-02-17 08:46:04+00:00,2021-02-17 08:46:04+00:00,1,2,17,1,4.635181382614648,0.0,18,39.9,17.0,1.0,2.0,inf,0.5463381245722109,0.0,31.199833675564676
Korovin Anatoliy,2018-08-24 03:17:42+00:00,2018-08-24 03:17:42+00:00,1,5,143,62,7.123887748117728,0.0,205,323.0,143.0,62.0,5.0,inf,0.29774127310061593,0.0,240.52556468172483
Koy,2021-09-16 08:13:29+00:00,2021-09-16 08:13:29+00:00,1,1,1,1,4.057494866529774,0.0,2,7.7,1.0,1.0,1.0,inf,0.6041067761806982,0.0,6.087743326488706
Krane,2023-11-24 15:29:44+00:00,2023-11-24 15:29:44+00:00,1,1,17,17,1.8699520876112252,0.0,34,47.7,17.0,17.0,1.0,inf,0.8231348391512663,0.0,39.27952977412731
Kris De Volder,2012-02-02 00:06:16+00:00,2012-02-02 00:06:16+00:00,1,2,2,5,13.681040383299111,0.0,7,11.9,2.0,5.0,2.0,inf,0.0,0.0,8.33
Krzysztof Kosmatka,2016-09-19 07:38:48+00:00,2016-09-19 12:24:08+00:00,2,2,9,9,9.048596851471595,0.0,18,32.9,4.5,4.5,1.0,inf,0.10527036276522916,0.0,23.549509240246405
Krzysztof Krason,2022-12-28 07:59:08+00:00,2022-12-28 07:59:08+00:00,1,53,498,552,2.7761806981519506,0.0,1050,1287.6,498.0,552.0,53.0,inf,0.7322381930184805,0.0,1042.7444845995892
Krzysztof Krasoń,2023-04-04 15:34:07+00:00,2023-04-04 15:34:07+00:00,1,371,3179,3078,2.510609171800137,0.0,6257,7976.2,3179.0,3078.0,371.0,inf,0.7590691307323751,0.0,6491.513080082135
Kukri,2023-03-22 05:57:43+00:00,2023-03-22 05:57:43+00:00,1,1,1,1,2.546201232032854,0.0,2,7.7,1.0,1.0,1.0,inf,0.7552361396303902,0.0,6.2622977412731
Kulwant Singh,2022-10-31 21:49:29+00:00,2022-11-02 00:11:28+00:00,8,90,532,520,2.9349760438056127,0.0027378507871321013,1052,1382.0,66.5,65.0,11.25,2922.0,0.7169062286105408,0.0009328358208955224,1116.2080380566367
Kunal Patel,2020-01-02 13:52:09+00:00,2020-01-02 13:52:09+00:00,1,2,58,3,5.763175906913073,0.0,61,122.9,58.0,3.0,2.0,inf,0.4338124572210814,0.0,94.02733264887063
Kwangyong Kim,2020-02-03 09:29:10+00:00,2021-11-24 07:41:10+00:00,2,3,80,24,5.675564681724846,1.8042436687200547,104,182.6,40.0,12.0,1.5,1.1084977238239757,0.6229979466119097,0.31789676796912686,153.59110623237456
Kwon Young Jae,2019-09-16 12:10:33+00:00,2019-09-16 12:10:33+00:00,1,1,0,1,6.05886379192334,0.0,1,5.7,0.0,1.0,1.0,inf,0.4042436687200548,0.0,4.335628336755646
KwonJH,2018-04-09 08:05:22+00:00,2018-04-09 08:05:22+00:00,1,1,1,1,7.496235455167693,0.0,2,7.7,1.0,1.0,1.0,inf,0.2602327173169062,0.0,5.690568788501026
Kyle Carter,2018-08-20 02:27:25+00:00,2018-08-20 02:27:25+00:00,1,1,2,2,7.134839151266256,0.0,4,10.2,2.0,2.0,1.0,inf,0.29664613278576313,0.0,7.593868583162216
LEE Juchan,2021-08-19 14:21:15+00:00,2021-08-19 14:21:15+00:00,1,5,5,5,4.134154688569473,0.0,10,18.5,5.0,5.0,5.0,inf,0.5967145790554416,0.0,14.60588295687885
"Laber, Jason M",2022-04-30 00:42:55+00:00,2022-04-30 00:42:55+00:00,1,6,489,39,3.4414784394250515,0.0,528,1003.7,489.0,39.0,6.0,inf,0.6659822039698836,0.0,802.8569507186859
Lars Grefer,2018-12-06 00:38:16+00:00,2023-10-14 23:09:29+00:00,10,18,232,119,6.839151266255989,4.854209445585216,351,577.1,23.2,11.9,1.8,2.060067681895093,0.8119096509240247,0.7097678142514011,535.6940097729107
Lea Farmer,2014-07-07 20:00:51+00:00,2014-07-07 20:00:51+00:00,1,2,72,5,11.252566735112936,0.0,77,151.9,72.0,5.0,2.0,inf,0.0,0.0,106.33
Lee Jaeheon,2023-09-16 14:26:56+00:00,2023-09-16 14:26:56+00:00,1,4,55,0,2.0588637919233403,0.0,55,115.8,55.0,0.0,4.0,inf,0.8042436687200547,0.0,95.02971252566735
"Lee, Kyutae",2022-03-12 07:42:36+00:00,2022-06-06 10:12:43+00:00,3,4,7,7,3.572895277207392,0.23545516769336072,14,33.3,2.3333333333333335,2.3333333333333335,1.3333333333333333,12.741279069767442,0.6763860369609856,0.06590038314176246,27.01772066841322
Leeseojune,2021-09-03 08:50:50+00:00,2021-09-03 08:50:50+00:00,1,11,11,11,4.093086926762491,0.0,22,34.7,11.0,11.0,11.0,inf,0.6005475701574264,0.0,27.415850102669406
Li0n13,2021-07-11 14:08:32+00:00,2021-07-11 14:08:32+00:00,1,2,29,1,4.240930869267625,0.0,30,63.9,29.0,1.0,2.0,inf,0.5860369609856263,0.0,50.34716427104722
Lifu Zhou,2016-05-30 06:38:59+00:00,2016-05-30 06:38:59+00:00,1,2,15,0,9.35523613963039,0.0,15,35.4,15.0,0.0,2.0,inf,0.07433264887063662,0.0,25.174706365503077
Linor Dolev,2024-03-14 21:17:59+00:00,2024-03-14 21:17:59+00:00,1,1,2,3,1.566050650239562,0.0,5,10.7,2.0,3.0,1.0,inf,0.8535249828884326,0.0,8.859907597535933
Lonre Wang,2013-07-31 04:04:47+00:00,2019-07-07 17:11:50+00:00,3,3,4,4,12.188911704312115,5.932922655715264,8,25.6,1.3333333333333333,1.3333333333333333,1.0,0.5056529764651592,0.38480492813141676,0.4867475292003594,21.26676143615402
Lorenzo Torracchi,2019-10-23 22:45:33+00:00,2019-10-23 22:45:33+00:00,1,2,65,0,5.9575633127994525,0.0,65,135.4,65.0,0.0,2.0,inf,0.4143737166324435,0.0,103.19593018480492
Loïc Ledoyen,2019-02-27 14:15:45+00:00,2022-02-18 17:31:17+00:00,2,7,258,210,6.609171800136893,2.976043805612594,468,632.4,129.0,105.0,3.5,0.672033118675253,0.6468172484599589,0.4502899751449876,546.7515912311652
Lucas Mantovani,2022-07-04 17:47:23+00:00,2022-07-04 17:47:23+00:00,1,1,2,1,3.260780287474333,0.0,3,9.7,2.0,1.0,1.0,inf,0.6840520191649555,0.0,7.78529568788501
Luciano Leggieri,2013-10-11 21:27:20+00:00,2013-10-11 21:27:20+00:00,1,11,433,0,11.989048596851472,0.0,433,873.2,433.0,0.0,11.0,inf,0.0,0.0,611.24
Lukas Krecan,2016-03-29 08:33:21+00:00,2016-03-29 08:33:21+00:00,1,1,5,5,9.52498288843258,0.0,10,17.7,5.0,5.0,1.0,inf,0.05735797399041753,0.0,12.542285420944557
Lukasz Kryger,2014-01-04 17:47:35+00:00,2014-05-21 22:15:34+00:00,3,3,12,13,11.756331279945243,0.3750855578370979,25,46.1,4.0,4.333333333333333,1.0,7.998175182481751,0.0,0.031904983698183516,32.49062296227294
Lukáš Křečan,2021-07-21 11:17:01+00:00,2021-07-21 11:17:01+00:00,1,1,12,1,4.213552361396304,0.0,13,29.7,12.0,1.0,1.0,inf,0.5887748117727584,0.0,23.412991786447634
Luke Taylor,2009-11-10 14:29:30+00:00,2010-05-14 16:23:48+00:00,16,24,238,254,15.906913073237508,0.5065023956194388,492,687.8,14.875,15.875,1.5,31.589189189189188,0.0,0.031841652323580036,484.7451032702237
Maarten Coene,2023-06-21 07:29:58+00:00,2023-06-21 07:29:58+00:00,1,1,27,0,2.297056810403833,0.0,27,59.2,27.0,0.0,1.0,inf,0.7801505817932923,0.0,48.36773716632443
Maciej Miklas,2020-08-17 12:10:49+00:00,2020-08-17 12:10:49+00:00,1,1,11,2,5.138945927446954,0.0,13,28.2,11.0,2.0,1.0,inf,0.4962354551676934,0.0,21.839075975359343
Maciej Walkowiak,2022-05-09 12:12:51+00:00,2022-05-09 12:12:51+00:00,1,1,1,1,3.4140999315537304,0.0,2,7.7,1.0,1.0,1.0,inf,0.6687200547570158,0.0,6.162371663244353
Maciej Ziarko,2015-01-17 11:26:31+00:00,2015-01-17 11:26:31+00:00,1,1,2,2,10.72142368240931,0.0,4,10.2,2.0,2.0,1.0,inf,0.0,0.0,7.139999999999999
MaengSol,2021-03-15 11:02:40+00:00,2021-03-15 11:02:40+00:00,1,2,10,9,4.563997262149213,0.0,19,29.9,10.0,9.0,2.0,inf,0.5537303216974675,0.0,23.41348049281314
Mahmoud Ben Hassine,2022-10-25 14:18:05+00:00,2025-03-24 11:50:37+00:00,3,22,1287,1,2.951403148528405,2.409308692676249,1288,2593.9,429.0,0.3333333333333333,7.333333333333333,1.2451704545454545,0.9561943874058864,0.8163265306122449,2505.3913013870847
Maksim,2020-07-01 07:32:54+00:00,2020-07-01 07:32:54+00:00,1,1,2,2,5.2676249144421625,0.0,4,10.2,2.0,2.0,1.0,inf,0.4830937713894593,0.0,7.879133470225872
Maksim Sasnouski,2024-02-29 11:48:45+00:00,2024-03-08 19:44:39+00:00,2,23,52,52,1.6043805612594113,0.02190280629705681,104,144.6,26.0,26.0,11.5,91.3125,0.8518822724161533,0.013651877133105802,119.99343570372342
Manish,2021-09-05 10:14:44+00:00,2021-09-05 10:14:44+00:00,1,1,3,3,4.087611225188227,0.0,6,12.7,3.0,3.0,1.0,inf,0.601368925393566,0.0,10.035607802874742
Mansur Mustaquim,2019-02-08 15:20:51+00:00,2019-02-08 15:20:51+00:00,1,3,48,8,6.661190965092403,0.0,56,105.6,48.0,8.0,3.0,inf,0.3440109514031485,0.0,79.36913347022586
Manthan Bhatt,2023-02-07 15:23:56+00:00,2023-02-07 15:23:56+00:00,1,3,21,1,2.6639288158795345,0.0,22,48.1,21.0,1.0,3.0,inf,0.7437371663244353,0.0,39.0360636550308
Marc Philipp,2021-09-15 14:08:36+00:00,2021-09-15 14:08:36+00:00,1,1,1,0,4.060232717316906,0.0,1,7.2,1.0,0.0,1.0,inf,0.6041067761806982,0.0,5.6924353182751535
Marc Wrobel,2022-07-11 17:22:48+00:00,2022-07-26 13:45:12+00:00,24,569,951,959,3.241615331964408,0.038329911019849415,1910,2615.3,39.625,39.958333333333336,23.708333333333332,626.1428571428572,0.6900752908966461,0.011824324324324323,2106.0617095531106
Marcin Grzejszczak,2022-10-26 18:22:47+00:00,2023-06-12 18:25:38+00:00,2,13,305,27,2.948665297741273,0.6269678302532512,332,636.1,152.5,13.5,6.5,3.1899563318777293,0.7779603011635866,0.21262766945218198,539.7869512163036
Marcin Mielnicki,2014-03-03 21:20:28+00:00,2014-03-03 21:20:28+00:00,1,1,1,1,11.597535934291582,0.0,2,7.7,1.0,1.0,1.0,inf,0.0,0.0,5.39
Marco Krikke,2014-11-21 16:32:42+00:00,2014-11-21 16:32:42+00:00,1,1,12,9,10.877481177275838,0.0,21,33.7,12.0,9.0,1.0,inf,0.0,0.0,23.59
Marcus Hert Da Coregio,2024-05-23 12:31:43+00:00,2024-05-23 12:31:43+00:00,1,1,35,0,1.374401095140315,0.0,35,75.2,35.0,0.0,1.0,inf,0.8726899383983573,0.0,62.48394250513347
Marek Hawrylczak,2015-11-07 14:52:47+00:00,2015-11-07 15:37:40+00:00,3,15,871,79,9.91649555099247,0.0,950,1799.5,290.3333333333333,26.333333333333332,5.0,inf,0.01848049281314168,0.0,1264.6383470225871
Mario Arias,2017-01-09 02:11:01+00:00,2017-01-15 22:51:04+00:00,2,9,620,0,8.744695414099931,0.01642710472279261,620,1251.8,310.0,0.0,4.5,121.75,0.1375770020533882,0.001878522229179712,902.4455637945376
Marius Grama,2016-03-13 14:33:15+00:00,2016-03-13 14:33:15+00:00,1,22,345,284,9.568788501026694,0.0,629,841.4,345.0,284.0,22.0,inf,0.05325119780971943,0.0,595.7008336755647
Mariusz Jasinski,2018-02-27 15:42:48+00:00,2018-02-27 15:42:48+00:00,1,2,22,2,7.60848733744011,0.0,24,50.4,22.0,2.0,2.0,inf,0.24928131416837784,0.0,37.164566735112935
Mark Chesney,2018-06-17 01:11:31+00:00,2018-06-17 01:11:31+00:00,1,1,1,1,7.310061601642711,0.0,2,7.7,1.0,1.0,1.0,inf,0.2791238877481177,0.0,5.712388090349076
Mark Fisher,2009-05-08 18:32:07+00:00,2011-06-03 18:54:21+00:00,72,207,8155,1308,16.416153319644078,2.0698151950718686,9463,17365.4,113.26388888888889,18.166666666666668,2.875,34.785714285714285,0.0,0.12608405603735826,12484.205010006672
Mark Galea,2014-03-14 20:55:03+00:00,2014-03-14 20:55:03+00:00,1,5,82,3,11.567419575633128,0.0,85,171.5,82.0,3.0,5.0,inf,0.0,0.0,120.05
Mark Hobson,2017-01-07 16:53:41+00:00,2018-07-14 12:04:13+00:00,2,9,80,9,8.747433264887064,1.51129363449692,89,176.3,40.0,4.5,4.5,1.3233695652173914,0.28678986995208766,0.17276995305164317,135.56305951933365
Mark Paluch,2016-03-31 14:39:39+00:00,2022-01-26 10:56:00+00:00,17,193,18430,319,9.519507186858316,5.820670773442847,18749,37143.1,1084.1176470588234,18.764705882352942,11.352941176470589,2.920625587958608,0.6405201916495551,0.6114466494104113,32975.45943612616
Mark Pollack,2009-03-07 07:42:25+00:00,2010-05-10 18:33:31+00:00,75,314,21998,14526,16.58590006844627,1.1745379876796715,36524,51696.8,293.3066666666667,193.68,4.1866666666666665,63.8548951048951,0.0,0.07081545064377683,36736.89982832618
Markus Heiden,2022-12-25 20:11:50+00:00,2022-12-25 20:11:50+00:00,1,3,528,8,2.784394250513347,0.0,536,1065.6,528.0,8.0,3.0,inf,0.731690622861054,0.0,862.8734291581108
Markus Malkusch,2014-01-20 12:09:59+00:00,2016-03-18 17:05:36+00:00,2,7,424,162,11.71252566735113,2.1574264202600957,586,940.4,212.0,81.0,3.5,0.927030456852792,0.054620123203285464,0.18419822346891068,691.9677159815799
Marten Deinum,2012-10-25 10:34:27+00:00,2023-09-14 13:39:57+00:00,24,69,1074,282,12.950034223134839,10.885694729637235,1356,2422.8,44.75,11.75,2.875,2.204728370221328,0.8036960985626284,0.8405919661733615,2293.5271684863533
Martin Knopf,2020-07-07 12:47:48+00:00,2020-07-07 12:47:48+00:00,1,3,39,4,5.25119780971937,0.0,43,85.6,39.0,4.0,3.0,inf,0.4850102669404517,0.0,66.1475318275154
Martin Lippert,2015-06-17 15:33:34+00:00,2015-06-17 15:33:34+00:00,1,2,5,1,10.30800821355236,0.0,6,15.9,5.0,1.0,2.0,inf,0.0,0.0,11.129999999999999
Martin Lukas,2023-10-15 01:14:07+00:00,2023-10-15 01:14:07+00:00,1,1,1,1,1.9822039698836413,0.0,2,7.7,1.0,1.0,1.0,inf,0.8119096509240247,0.0,6.3277556468172484
Martin Macko,2015-10-22 16:48:58+00:00,2020-06-05 12:12:38+00:00,4,5,7,6,9.960301163586584,4.618754277891855,13,38.0,1.75,1.5,1.25,0.866034380557202,0.476249144421629,0.46371632765255644,31.957803190822855
Martin Mois,2025-05-02 14:52:28+00:00,2025-05-02 14:52:28+00:00,1,1,5,2,0.432580424366872,0.0,7,16.2,5.0,2.0,1.0,inf,0.9668720054757016,0.0,13.689498973305954
Martin Švorc,2017-05-07 18:59:09+00:00,2017-05-07 18:59:09+00:00,1,2,23,2,8.41889117043121,0.0,25,52.4,23.0,2.0,2.0,inf,0.1682409308692676,0.0,38.00237371663244
Masahiro Ide,2017-11-25 14:00:46+00:00,2017-11-25 14:00:46+00:00,1,1,52,46,7.865845311430527,0.0,98,132.2,52.0,46.0,1.0,inf,0.2235455167693361,0.0,96.97290759753592
Masayasu Yamamoto,2017-02-09 12:33:56+00:00,2017-02-09 12:33:56+00:00,1,1,1,1,8.657084188911705,0.0,2,7.7,1.0,1.0,1.0,inf,0.14442162902121836,0.0,5.556806981519507
Mateusz,2018-11-28 11:21:21+00:00,2018-11-28 11:21:21+00:00,1,1,3,2,6.8583162217659135,0.0,5,12.2,3.0,2.0,1.0,inf,0.32429842573579737,0.0,9.133466119096509
Mateusz Swiatkowski,2021-07-29 09:03:26+00:00,2021-07-29 09:03:26+00:00,1,1,1,1,4.191649555099247,0.0,2,7.7,1.0,1.0,1.0,inf,0.5906913073237509,0.0,6.072248459958932
Mathieu AMBLARD (u118971),2023-12-11 08:30:44+00:00,2023-12-11 08:30:44+00:00,1,2,57,6,1.8234086242299794,0.0,63,122.4,57.0,6.0,2.0,inf,0.8275154004106776,0.0,100.87318275154004
Matt Sicker,2016-12-31 08:00:50+00:00,2016-12-31 08:00:50+00:00,1,1,73,11,8.766598220396988,0.0,84,156.7,73.0,11.0,1.0,inf,0.13319644079397663,0.0,112.82078234086241
Matteo Cristoforo,2024-05-11 15:24:04+00:00,2024-06-03 12:05:28+00:00,2,3,28,4,1.4072553045859,0.06023271731690623,32,68.6,14.0,2.0,1.5,33.20454545454545,0.8757015742642026,0.042801556420233464,57.47139721474284
Matthias Kurz,2019-01-11 10:25:27+00:00,2019-01-11 10:25:27+00:00,1,3,33,1,6.737850787132102,0.0,34,72.1,33.0,1.0,3.0,inf,0.33634496919917867,0.0,54.107570841889114
Mattias Severson,2014-03-31 17:33:16+00:00,2014-05-01 15:59:44+00:00,2,3,636,18,11.520876112251882,0.08213552361396304,654,1291.6,318.0,9.0,1.5,24.35,0.0,0.007129277566539924,905.5012262357413
Mattias-Sehlstedt,2024-12-18 15:44:18+00:00,2024-12-18 15:44:18+00:00,1,5,23,5,0.8021902806297057,0.0,28,54.5,23.0,5.0,5.0,inf,0.9299110198494183,0.0,45.75202258726899
Mattison chao,2021-01-04 08:00:51+00:00,2021-01-04 08:00:51+00:00,1,1,3,3,4.75564681724846,0.0,6,12.7,3.0,3.0,1.0,inf,0.5342915811088296,0.0,9.907825462012319
Max Demydenko,2022-01-04 23:41:37+00:00,2022-01-04 23:41:37+00:00,1,4,4,0,3.756331279945243,0.0,4,13.8,4.0,0.0,4.0,inf,0.6344969199178645,0.0,10.97340862422998
Maxim Valyanskiy,2012-06-14 04:25:10+00:00,2012-06-14 04:25:10+00:00,1,2,14,1,13.316906228610542,0.0,15,33.9,14.0,1.0,2.0,inf,0.0,0.0,23.729999999999997
May,2020-06-24 11:54:17+00:00,2020-07-19 04:34:01+00:00,4,5,54,65,5.286789869952088,0.06570841889117043,119,161.5,13.5,16.25,1.25,60.875,0.4880219028062971,0.012428793371310202,125.17341811490253
Mengqi Xu,2025-01-09 15:50:25+00:00,2025-06-29 10:20:35+00:00,8,26,340,69,0.7419575633127995,0.4654346338124572,409,759.7,42.5,8.625,3.25,17.188235294117646,0.9827515400410678,0.6273062730627306,715.2641380922433
Micha Kiener,2011-04-12 13:21:18+00:00,2011-04-12 19:51:50+00:00,5,36,2892,13,14.48870636550308,0.0,2905,5822.7,578.4,2.6,7.2,inf,0.0,0.0,4075.8899999999994
Michael Bell,2018-10-02 10:18:45+00:00,2018-10-02 10:18:45+00:00,1,2,24,1,7.014373716632443,0.0,25,53.9,24.0,1.0,2.0,inf,0.3086926762491444,0.0,40.22578028747433
Michael Edwards,2021-05-26 12:32:41+00:00,2021-05-26 12:32:41+00:00,1,1,12,0,4.3668720054757015,0.0,12,29.2,12.0,0.0,1.0,inf,0.5734428473648185,0.0,22.951679671457903
Michael Irwin,2013-09-25 20:56:10+00:00,2013-11-04 19:47:22+00:00,3,7,247,133,12.032854209445585,0.10677618069815195,380,576.9,82.33333333333333,44.333333333333336,2.3333333333333335,28.096153846153847,0.0,0.008873720136518772,404.59788737201364
Michael Isvy,2010-02-15 22:45:26+00:00,2011-07-22 01:18:29+00:00,12,15,885,549,15.641341546885695,1.4264202600958247,1434,2107.5,73.75,45.75,1.25,8.412667946257198,0.0,0.09119551899177314,1504.0791834412744
Michael J. Simons,2017-04-13 06:08:52+00:00,2017-04-13 06:17:16+00:00,2,2,5,5,8.484599589322382,0.0,10,22.9,2.5,2.5,1.0,inf,0.16139630390143744,0.0,16.584396303901435
Michael Kunze,2024-04-18 07:06:04+00:00,2024-04-18 07:06:04+00:00,1,1,1,1,1.4702258726899384,0.0,2,7.7,1.0,1.0,1.0,inf,0.8628336755646817,0.0,6.386572895277207
Michael Simons,2016-04-06 09:51:24+00:00,2020-02-06 14:41:33+00:00,2,2,4,4,9.503080082135524,3.8357289527720737,8,20.4,2.0,2.0,1.0,0.5214132762312634,0.44339493497604376,0.40363007778738114,16.871896539056078
Michal Karolik,2015-07-16 08:23:14+00:00,2015-07-16 08:23:14+00:00,1,1,2,2,10.22861054072553,0.0,4,10.2,2.0,2.0,1.0,inf,0.0,0.0,7.139999999999999
Michal Rowicki,2021-05-09 21:57:41+00:00,2021-05-23 11:21:31+00:00,2,6,206,1,4.413415468856948,0.03559206023271732,207,423.7,103.0,0.5,3.0,56.192307692307686,0.572621492128679,0.008064516129032258,333.4954992548188
Michal Stehlik,2021-03-10 12:29:57+00:00,2021-03-10 12:29:57+00:00,1,2,6,2,4.577686516084873,0.0,8,18.4,6.0,2.0,2.0,inf,0.5523613963039014,0.0,14.404517453798766
Michał Rowicki,2019-08-08 16:23:43+00:00,2019-08-12 09:21:54+00:00,2,2,2,2,6.165639972621492,0.008213552361396304,4,15.4,1.0,1.0,1.0,243.5,0.3943874058863792,0.0013321492007104796,11.694112172251176
Michel Schudel,2019-01-06 21:35:44+00:00,2019-01-06 21:35:44+00:00,1,2,59,9,6.751540041067762,0.0,68,127.9,59.0,9.0,2.0,inf,0.33497604380561263,0.0,95.95651540041068
Michel ten Voorde,2021-03-08 22:45:59+00:00,2021-03-08 22:45:59+00:00,1,1,1,1,4.583162217659138,0.0,2,7.7,1.0,1.0,1.0,inf,0.551813826146475,0.0,6.027344969199179
Mico Piira,2024-11-22 10:45:53+00:00,2024-11-22 10:45:53+00:00,1,2,26,3,0.8733744010951403,0.0,29,58.9,26.0,3.0,2.0,inf,0.9227926078028748,0.0,49.38287268993839
Mihai Dumitrescu,2020-05-28 11:40:40+00:00,2020-05-28 22:47:53+00:00,2,5,320,81,5.360711841204655,0.0,401,691.5,160.0,40.5,2.5,inf,0.4740588637919234,0.0,533.2217556468172
Mikael,2020-04-19 15:39:06+00:00,2020-04-19 15:39:06+00:00,1,1,2,2,5.467488021902806,0.0,4,10.2,2.0,2.0,1.0,inf,0.46338124572210815,0.0,7.848973305954825
Mikael Elm,2020-03-26 14:16:22+00:00,2020-03-26 14:16:22+00:00,1,1,27,27,5.533196440793977,0.0,54,72.7,27.0,27.0,1.0,inf,0.4568104038329911,0.0,55.871517453798766
Mikaël Francoeur,2024-03-11 02:44:21+00:00,2024-05-03 23:21:08+00:00,4,12,628,142,1.5770020533880904,0.14510609171800137,770,1349.4,157.0,35.5,3.0,27.566037735849054,0.8672142368240932,0.0920138888888889,1138.7373649255646
Mike Krumlauf,2012-02-29 19:08:53+00:00,2012-02-29 19:08:53+00:00,1,1,1,1,13.604380561259411,0.0,2,7.7,1.0,1.0,1.0,inf,0.0,0.0,5.39
Mikk Raudvere,2022-10-21 04:14:53+00:00,2022-10-21 04:14:53+00:00,1,3,3,3,2.965092402464066,0.0,6,13.1,3.0,3.0,3.0,inf,0.7136208076659822,0.0,10.572264887063655
Min Ho Pak,2014-10-21 03:25:38+00:00,2014-10-21 03:25:38+00:00,1,1,3,2,10.965092402464066,0.0,5,12.2,3.0,2.0,1.0,inf,0.0,0.0,8.54
Min-soo,2019-03-23 15:15:07+00:00,2019-03-23 15:15:07+00:00,1,1,15,36,6.543463381245722,0.0,51,53.2,15.0,36.0,1.0,inf,0.3557837097878165,0.0,40.079154004106776
Minho Hwang,2019-10-06 14:34:27+00:00,2019-10-06 14:34:27+00:00,1,1,1,1,6.0041067761806985,0.0,2,7.7,1.0,1.0,1.0,inf,0.40971937029431893,0.0,5.863225872689938
Minsoo Cheong(Merlin),2023-01-16 10:29:43+00:00,2023-01-16 10:29:43+00:00,1,1,1,1,2.724161533196441,0.0,2,7.7,1.0,1.0,1.0,inf,0.7377138945927447,0.0,6.24205954825462
Minsung Oh,2024-03-20 07:45:42+00:00,2024-03-20 07:45:42+00:00,1,1,1,1,1.5496235455167693,0.0,2,7.7,1.0,1.0,1.0,inf,0.8548939082819986,0.0,6.3774024640657085
Misagh Moayyed,2023-10-18 10:32:35+00:00,2023-10-18 10:32:35+00:00,1,1,1,1,1.9712525667351128,0.0,2,7.7,1.0,1.0,1.0,inf,0.8130047912388775,0.0,6.329020533880903
Mohammad Saeed Nouri,2025-06-08 12:14:06+00:00,2025-06-08 12:14:06+00:00,1,2,21,1,0.33127994524298426,0.0,22,47.9,21.0,1.0,2.0,inf,0.9770020533880903,0.0,40.54975975359343
Mohammed Bekraoui,2023-12-08 22:09:39+00:00,2023-12-08 22:09:39+00:00,1,3,265,0,1.8316221765913758,0.0,265,535.6,265.0,0.0,3.0,inf,0.8269678302532513,0.0,441.3585954825462
Moncef AOUDIA,2021-07-27 09:46:24+00:00,2021-07-27 09:46:24+00:00,1,2,2,2,4.1971252566735116,0.0,4,10.4,2.0,2.0,2.0,inf,0.5901437371663245,0.0,8.200624229979466
Moran Avigdor,2020-03-31 11:04:55+00:00,2020-03-31 11:04:55+00:00,1,1,3,1,5.519507186858316,0.0,4,11.7,3.0,1.0,1.0,inf,0.45817932922655713,0.0,8.994104722792606
Moritz Halbritter,2022-06-20 13:37:17+00:00,2022-12-06 10:41:00+00:00,4,5,37,9,3.299110198494182,0.459958932238193,46,99.5,9.25,2.25,1.25,8.696428571428571,0.7264887063655031,0.13941908713692946,82.5736738180238
Muhammad Hewedy,2019-02-03 20:51:48+00:00,2019-02-10 11:22:43+00:00,2,2,5,5,6.674880219028063,0.01642710472279261,10,22.9,2.5,2.5,1.0,121.75,0.344558521560575,0.002461033634126333,17.222012172093795
Mustafa Ulu,2021-04-14 21:52:00+00:00,2021-09-12 11:27:33+00:00,3,3,2,9,4.48186173853525,0.4106776180698152,11,24.1,0.6666666666666666,3.0,1.0,7.305000000000001,0.6032854209445585,0.09163103237629809,19.382122978754897
Mykola Fadieiev,2018-10-06 18:52:31+00:00,2018-10-06 18:52:31+00:00,1,1,1,0,7.003422313483915,0.0,1,7.2,1.0,0.0,1.0,inf,0.30978781656399723,0.0,5.374570841889117
NaNRailgun,2020-11-08 14:40:01+00:00,2020-11-08 14:40:01+00:00,1,2,2,2,4.91170431211499,0.0,4,10.4,2.0,2.0,2.0,inf,0.5189596167008899,0.0,8.089577002053389
Napster,2018-06-20 17:33:23+00:00,2022-06-27 18:50:48+00:00,3,7,281,81,7.299110198494182,4.0191649555099245,362,618.9,93.66666666666667,27.0,2.3333333333333335,0.7464237057220708,0.682135523613963,0.5506376594148537,547.6744984464801
NeatGuyCoding,2025-07-01 05:03:08+00:00,2025-08-21 10:09:34+00:00,5,6,167,7,0.2683093771389459,0.13963039014373715,174,363.7,33.4,1.4,1.2,35.80882352941177,0.9972621492128679,0.520408163265306,337.38650389724677
Nelson Osacky,2021-01-05 16:24:57+00:00,2021-04-09 11:11:22+00:00,3,3,4,4,4.7529089664613275,0.2546201232032854,8,25.6,1.3333333333333333,1.3333333333333333,1.0,11.78225806451613,0.5605749486652978,0.053571428571428575,20.27832208858903
Neonailol,2018-01-22 15:54:28+00:00,2018-01-22 15:54:28+00:00,1,2,19,0,7.707049965776865,0.0,19,43.4,19.0,0.0,2.0,inf,0.23942505133470227,0.0,31.938657084188907
Nheyll,2022-09-09 07:12:52+00:00,2023-07-16 09:17:53+00:00,2,34,188,50,3.077344284736482,0.8487337440109514,238,417.8,94.0,25.0,17.0,2.356451612903226,0.7869952087611225,0.2758007117437722,359.06542033804175
Nicholas Williams,2013-07-22 05:57:51+00:00,2013-07-22 17:28:30+00:00,4,13,456,23,12.210814510609172,0.0,479,946.1,114.0,5.75,3.25,inf,0.0,0.0,662.27
Nick,2021-09-30 19:40:21+00:00,2021-09-30 19:40:21+00:00,1,1,9,5,4.0191649555099245,0.0,14,25.7,9.0,5.0,1.0,inf,0.6082135523613963,0.0,20.33466324435318
Nick Hitchan,2020-10-17 17:03:56+00:00,2020-10-17 17:03:56+00:00,1,1,0,4,4.971937029431896,0.0,4,7.2,0.0,4.0,1.0,inf,0.5129363449691992,0.0,5.593971252566735
Nick Williams,2013-06-24 16:50:08+00:00,2013-07-23 13:56:06+00:00,3,6,152,10,12.28747433264887,0.07665982203969883,162,325.2,50.666666666666664,3.3333333333333335,2.0,39.13392857142858,0.0,0.006238859180035651,227.94433155080213
Nicklas Holm,2016-12-02 06:47:29+00:00,2016-12-02 06:47:29+00:00,1,1,1,1,8.845995893223819,0.0,2,7.7,1.0,1.0,1.0,inf,0.12525667351129355,0.0,5.534671457905544
Nicklas Wiegandt,2024-10-13 17:07:00+00:00,2024-10-13 17:07:00+00:00,1,6,339,0,0.9828884325804244,0.0,339,684.2,339.0,0.0,6.0,inf,0.9118412046543464,0.0,572.5222628336757
Nickloas,2018-04-28 08:46:11+00:00,2018-04-28 08:46:11+00:00,1,1,1,1,7.444216290212183,0.0,2,7.7,1.0,1.0,1.0,inf,0.26543463381245724,0.0,5.696577002053388
Nico Heller,2019-02-06 20:05:56+00:00,2019-02-06 20:05:56+00:00,1,2,81,72,6.666666666666667,0.0,153,203.4,81.0,72.0,2.0,inf,0.3434633812457222,0.0,152.85906776180698
Nicofisi,2019-05-07 11:13:28+00:00,2019-05-07 11:13:28+00:00,1,1,1,1,6.420260095824777,0.0,2,7.7,1.0,1.0,1.0,inf,0.368104038329911,0.0,5.815160164271047
Nicolas Labrot,2015-09-20 14:12:13+00:00,2015-09-20 14:12:13+00:00,1,2,65,9,10.047912388774812,0.0,74,139.9,65.0,9.0,2.0,inf,0.005338809034907577,0.0,98.04203490759754
Niconal,2019-01-03 11:52:45+00:00,2019-01-03 11:52:45+00:00,1,1,1,1,6.759753593429158,0.0,2,7.7,1.0,1.0,1.0,inf,0.33415468856947295,0.0,5.775948665297741
Niharika Tiwari,2023-09-14 15:45:03+00:00,2023-09-14 15:45:03+00:00,1,1,1,1,2.0643394934976045,0.0,2,7.7,1.0,1.0,1.0,inf,0.8036960985626284,0.0,6.318268993839835
Nikita Tovstoles,2012-04-03 22:33:41+00:00,2012-04-03 22:33:41+00:00,1,2,78,6,13.51129363449692,0.0,84,164.4,78.0,6.0,2.0,inf,0.0,0.0,115.08
Nikola Kolosnjaji,2017-09-28 17:55:07+00:00,2017-09-28 17:55:07+00:00,1,1,1,1,8.02464065708419,0.0,2,7.7,1.0,1.0,1.0,inf,0.20766598220396992,0.0,5.629854209445585
Norman Soetbeer,2017-10-25 19:28:07+00:00,2017-10-25 19:28:07+00:00,1,2,10,10,7.950718685831622,0.0,20,30.4,10.0,10.0,2.0,inf,0.21505817932922655,0.0,22.260665297741273
OLPMO,2019-08-29 11:59:14+00:00,2019-09-12 11:09:31+00:00,2,6,18,31,6.108145106091718,0.03559206023271732,49,62.7,9.0,15.5,3.0,56.192307692307686,0.4031485284052019,0.005826983415508741,47.73641468867378
Oleg Atamanenko,2015-11-16 15:28:24+00:00,2015-11-16 15:31:24+00:00,2,2,2,2,9.891854893908283,0.0,4,15.4,1.0,1.0,1.0,inf,0.02094455852156063,0.0,10.828381930184804
Oleg Kalnichevski,2013-08-29 11:28:00+00:00,2013-08-29 11:28:00+00:00,1,7,197,64,12.106776180698152,0.0,261,432.4,197.0,64.0,7.0,inf,0.0,0.0,302.67999999999995
Oleg Lomaka,2014-09-20 09:28:47+00:00,2014-09-20 09:28:47+00:00,1,1,1,1,11.047227926078028,0.0,2,7.7,1.0,1.0,1.0,inf,0.0,0.0,5.39
Oleg Zhurakousky,2017-04-25 16:44:10+00:00,2017-04-25 16:44:10+00:00,1,2,18,3,8.451745379876797,0.0,21,42.9,18.0,3.0,2.0,inf,0.1649555099247092,0.0,31.0914887063655
OlegDokuka,2023-11-24 14:00:35+00:00,2023-11-24 14:00:35+00:00,1,5,1235,0,1.8699520876112252,0.0,1235,2476.0,1235.0,0.0,5.0,inf,0.8231348391512663,0.0,2038.9122792607802
Oleh Faizulin,2020-01-04 07:54:53+00:00,2020-01-04 07:54:53+00:00,1,4,30,0,5.757700205338809,0.0,30,65.8,30.0,0.0,4.0,inf,0.43408624229979464,0.0,50.344431211498964
Oleksandr Hasheniuk,2018-04-24 19:05:58+00:00,2018-04-24 19:05:58+00:00,1,1,10,6,7.455167693360712,0.0,16,28.2,10.0,6.0,1.0,inf,0.26461327857631756,0.0,20.85931416837782
Oleksandr Kravchuk,2021-02-11 17:09:50+00:00,2021-03-04 17:20:13+00:00,4,6,29,11,4.65160848733744,0.057494866529774126,40,84.7,7.25,2.75,1.5,69.57142857142857,0.5507186858316222,0.012360211889346674,66.44391739554491
Oleksii Klochko,2020-08-22 20:56:36+00:00,2020-08-22 20:56:36+00:00,1,1,1,1,5.125256673511293,0.0,2,7.7,1.0,1.0,1.0,inf,0.49760438056125944,0.0,5.964733059548254
Olga Maciaszek-Sharma,2022-04-21 16:06:38+00:00,2025-06-12 13:47:57+00:00,8,47,2547,205,3.463381245722108,3.14031485284052,2752,5245.9,318.375,25.625,5.875,2.5475152571926767,0.9780971937029432,0.9067193675889328,5155.263879832158
Olga MaciaszekSharma,2023-04-28 15:57:44+00:00,2024-02-09 14:00:35+00:00,11,63,3181,361,2.4449007529089664,0.783025325119781,3542,6610.1,289.1818181818182,32.81818181818182,5.7272727272727275,14.048076923076923,0.8442162902121835,0.3202687569988802,5781.674391585479
Oliver Becker,2012-11-22 06:53:29+00:00,2012-11-22 06:53:29+00:00,1,7,69,76,12.873374401095141,0.0,145,182.4,69.0,76.0,7.0,inf,0.0,0.0,127.67999999999999
Oliver Degener,2020-04-17 07:26:53+00:00,2020-04-17 07:26:53+00:00,1,2,2,2,5.47296372347707,0.0,4,10.4,2.0,2.0,2.0,inf,0.46255989048596846,0.0,8.001593429158111
Oliver Gierke,2010-05-19 05:52:44+00:00,2018-02-13 16:23:58+00:00,36,90,6243,1348,15.38672142368241,7.73990417522245,7591,13358.0,173.41666666666666,37.44444444444444,2.5,4.651220374955784,0.24544832306639286,0.5030249110320284,10850.315819163006
Olivier Bourgain,2025-04-03 13:13:36+00:00,2025-04-03 13:13:36+00:00,1,4,14,5,0.5119780971937029,0.0,19,36.3,14.0,5.0,4.0,inf,0.9589322381930185,0.0,30.631386036960983
Ondrej Kraus,2018-11-23 17:34:37+00:00,2018-11-23 17:34:37+00:00,1,2,38,4,6.872005475701574,0.0,42,83.4,38.0,4.0,2.0,inf,0.32292950034223133,0.0,62.41984804928131
Onji Kim,2024-04-17 13:58:04+00:00,2024-04-17 13:58:04+00:00,1,2,16,0,1.4729637234770705,0.0,16,37.4,16.0,0.0,2.0,inf,0.8628336755646817,0.0,31.02049691991786
OnlyWick,2023-10-11 11:01:21+00:00,2023-10-11 11:01:21+00:00,1,1,1,1,1.9904175222450375,0.0,2,7.7,1.0,1.0,1.0,inf,0.811088295687885,0.0,6.326806981519507
P. Ottlinger,2019-04-09 17:03:30+00:00,2019-04-09 17:03:30+00:00,1,1,10,2,6.496919917864476,0.0,12,26.2,10.0,2.0,1.0,inf,0.36043805612594115,0.0,19.756521560574946
Park Sung Jun,2024-10-05 03:00:00+00:00,2025-08-31 15:06:56+00:00,2,2,23,2,1.0075290896646132,0.9034907597535934,25,57.4,11.5,1.0,1.0,2.213636363636364,1.0,0.8967391304347826,56.51092391304348
Parviz ROzikov,2019-11-26 02:54:49+00:00,2020-01-20 18:03:43+00:00,2,21,1936,28,5.867214236824093,0.15058179329226556,1964,3900.2,968.0,14.0,10.5,13.281818181818183,0.4387405886379192,0.025664955669622024,3001.8311755862405
Pascal Schumacher,2018-07-27 15:40:38+00:00,2019-12-25 15:20:37+00:00,5,7,7,7,7.197809719370294,1.4099931553730323,14,43.9,1.4,1.4,1.4,3.5461165048543686,0.4316221765913758,0.19589197413465198,34.86218068253089
Pat Turner,2018-11-22 19:26:09+00:00,2018-11-22 19:26:09+00:00,1,3,34,0,6.874743326488707,0.0,34,73.6,34.0,0.0,3.0,inf,0.3226557152635181,0.0,55.08211909650923
Patrick Strawderman,2022-08-13 21:32:55+00:00,2025-06-10 21:28:32+00:00,28,104,659,273,3.1512662559890487,2.8227241615331966,932,1615.3,23.535714285714285,9.75,3.7142857142857144,9.919495635305529,0.9775496235455168,0.895742832319722,1584.599395593868
Patrick0308,2018-03-07 14:09:58+00:00,2018-03-07 14:09:58+00:00,1,1,5,7,7.586584531143052,0.0,12,18.7,5.0,7.0,1.0,inf,0.25147159479808345,0.0,13.795377823408623
Paul Verest,2015-07-23 07:02:03+00:00,2015-07-23 07:02:03+00:00,1,1,2,0,10.209445585215606,0.0,2,9.2,2.0,0.0,1.0,inf,0.0,0.0,6.4399999999999995
Paul Warren,2021-01-04 21:27:37+00:00,2021-01-04 21:27:37+00:00,1,1,0,8,4.75564681724846,0.0,8,9.2,0.0,8.0,1.0,inf,0.5345653661875428,0.0,7.177700205338808
Paul-Christian Volkmer,2024-08-07 22:37:26+00:00,2024-08-07 22:37:26+00:00,1,1,13,1,1.1663244353182751,0.0,14,31.7,13.0,1.0,1.0,inf,0.8934976043805613,0.0,26.438581108829567
Pavel Anisimov,2022-02-04 05:20:45+00:00,2022-02-04 05:20:45+00:00,1,1,1,1,3.671457905544148,0.0,2,7.7,1.0,1.0,1.0,inf,0.6427104722792608,0.0,6.1323305954825456
Per Lundberg,2022-12-29 13:04:47+00:00,2023-11-30 09:38:29+00:00,2,4,11,9,2.7734428473648185,0.917180013689254,20,37.3,5.5,4.5,2.0,2.180597014925373,0.8245037645448323,0.3307008884501481,32.57337003350691
Periklis Ntanasis,2018-10-31 23:12:41+00:00,2018-10-31 23:12:41+00:00,1,1,2,2,6.934976043805612,0.0,4,10.2,2.0,2.0,1.0,inf,0.3166324435318275,0.0,7.624447638603694
Petr Janecek,2012-05-16 20:05:59+00:00,2012-05-16 20:05:59+00:00,1,2,27,22,13.39356605065024,0.0,49,70.4,27.0,22.0,2.0,inf,0.0,0.0,49.28
Phani Kandula,2012-02-29 02:58:20+00:00,2012-03-01 00:32:46+00:00,2,2,3,3,13.607118412046544,0.0,6,17.9,1.5,1.5,1.0,inf,0.0,0.0,12.529999999999998
Phil Webb,2019-05-08 14:25:52+00:00,2019-05-08 14:25:52+00:00,1,671,3856,4596,6.417522245037645,0.0,8452,10149.2,3856.0,4596.0,671.0,inf,0.36837782340862424,0.0,7665.251030800821
PhilKes,2023-02-11 13:12:18+00:00,2023-02-11 13:12:18+00:00,1,26,374,24,2.652977412731006,0.0,398,770.2,374.0,24.0,26.0,inf,0.7448323066392881,0.0,625.190476386037
Philipp Grogg,2017-12-05 10:43:20+00:00,2017-12-05 10:43:20+00:00,1,1,1,1,7.838466803559206,0.0,2,7.7,1.0,1.0,1.0,inf,0.22628336755646816,0.0,5.65135728952772
Philippe De Neve,2019-10-22 19:00:06+00:00,2019-10-22 19:00:06+00:00,1,1,4,4,5.960301163586585,0.0,8,15.2,4.0,4.0,1.0,inf,0.41409993155373026,0.0,11.584147843942503
Philippe Marschall,2012-02-11 15:29:35+00:00,2023-08-01 14:10:53+00:00,28,167,1163,657,13.653661875427789,11.46611909650924,1820,2827.9,41.535714285714285,23.464285714285715,5.964285714285714,2.4419770773638967,0.7916495550992471,0.8397834369360337,2671.5594037264855
Phillip Webb,2012-06-22 00:32:33+00:00,2025-08-11 16:32:27+00:00,648,15256,230372,205098,13.295003422313483,13.136208076659821,435470,569584.2,355.51234567901236,316.50925925925924,23.54320987654321,49.329303876615256,0.9945242984257358,0.9880560131795717,568095.9031082189
Pier Dipi,2018-12-31 18:38:47+00:00,2018-12-31 18:38:47+00:00,1,1,1,1,6.767967145790554,0.0,2,7.7,1.0,1.0,1.0,inf,0.33333333333333326,0.0,5.775
Pierre Rossato,2025-02-01 16:38:09+00:00,2025-02-01 16:38:09+00:00,1,1,1,1,0.6789869952087612,0.0,2,7.7,1.0,1.0,1.0,inf,0.9422313483915127,0.0,6.478277207392197
PiotrFLEURY,2023-11-15 18:01:02+00:00,2023-11-15 18:01:02+00:00,1,2,2,2,1.894592744695414,0.0,4,10.4,2.0,2.0,2.0,inf,0.8206707734428473,0.0,8.560246406570842
PyvesB,2019-12-07 21:25:00+00:00,2019-12-07 21:25:00+00:00,1,1,2,2,5.834360027378508,0.0,4,10.2,2.0,2.0,1.0,inf,0.426694045174538,0.0,7.792841889117042
QBNemo,2017-03-13 03:45:51+00:00,2017-05-24 09:17:54+00:00,3,3,10,5,8.572210814510608,0.1971252566735113,15,38.1,3.3333333333333335,1.6666666666666667,1.0,15.21875,0.17262149212867894,0.022995847971893968,27.787953098674773
Qimiao Chen,2019-11-08 12:39:02+00:00,2021-05-13 13:30:58+00:00,35,53,289,392,5.9137577002053385,1.51129363449692,681,959.6,8.257142857142858,11.2,1.5142857142857142,23.158967391304348,0.5698836413415469,0.25555555555555554,790.5337180013689
Radek Crlik,2021-09-11 15:42:51+00:00,2021-09-11 15:42:51+00:00,1,1,1,1,4.071184120465435,0.0,2,7.7,1.0,1.0,1.0,inf,0.6030116358658453,0.0,6.086478439425051
Radek Kraus,2023-02-28 15:10:05+00:00,2023-02-28 15:10:05+00:00,1,2,96,2,2.6064339493497606,0.0,98,198.4,96.0,2.0,2.0,inf,0.7494866529774127,0.0,161.1847227926078
Radosław Józwik,2015-02-10 22:17:59+00:00,2015-02-10 22:17:59+00:00,1,1,2,2,10.655715263518138,0.0,4,10.2,2.0,2.0,1.0,inf,0.0,0.0,7.139999999999999
Ralph Schaer,2015-02-02 15:59:17+00:00,2015-02-02 15:59:17+00:00,1,1,3,3,10.677618069815194,0.0,6,12.7,3.0,3.0,1.0,inf,0.0,0.0,8.889999999999999
Raman Gupta,2016-09-08 18:06:01+00:00,2016-09-08 18:06:01+00:00,1,7,155,3,9.078713210130047,0.0,158,317.9,155.0,3.0,7.0,inf,0.10225872689938398,0.0,227.4062073921971
Ramnivas Laddad,2009-01-24 17:04:29+00:00,2010-10-17 22:33:30+00:00,24,74,3457,192,16.700889801505816,1.727583846680356,3649,7144.8,144.04166666666666,8.0,3.0833333333333335,13.892234548335974,0.0,0.10344262295081968,5112.221527868852
Rebwon,2021-03-13 12:32:01+00:00,2021-03-20 12:31:47+00:00,4,9,60,59,4.569472963723477,0.01642710472279261,119,171.3,15.0,14.75,2.25,243.5,0.5550992470910335,0.0035949670461354103,134.26564783225453
RedStainedInk,2023-11-24 20:08:02+00:00,2023-11-24 20:08:02+00:00,1,1,1,1,1.8699520876112252,0.0,2,7.7,1.0,1.0,1.0,inf,0.8231348391512663,0.0,6.340720739219712
Remus Richard Dumitrache,2023-05-26 10:08:26+00:00,2023-05-26 10:08:26+00:00,1,3,49,6,2.3682409308692676,0.0,55,106.6,49.0,6.0,3.0,inf,0.773305954825462,0.0,86.98516221765912
Renato Mameli,2025-06-20 08:23:17+00:00,2025-06-20 08:23:17+00:00,1,4,146,16,0.29842573579739906,0.0,162,305.8,146.0,16.0,4.0,inf,0.9800136892539356,0.0,259.013227926078
Renato Soppelsa,2017-07-06 09:04:11+00:00,2017-07-06 09:04:11+00:00,1,1,14,0,8.254620123203285,0.0,14,33.2,14.0,0.0,1.0,inf,0.1843942505133469,0.0,24.158283367556468
René Wittner,2023-07-14 09:37:09+00:00,2023-07-14 09:37:09+00:00,1,2,150,0,2.2340862422997945,0.0,150,305.4,150.0,0.0,2.0,inf,0.786447638603696,0.0,249.8071663244353
Rhett CfZhuang,2025-02-28 15:20:36+00:00,2025-02-28 15:20:36+00:00,1,3,30,1,0.6050650239561944,0.0,31,66.1,30.0,1.0,3.0,inf,0.9496235455167693,0.0,55.68551745379877
Riley Park,2020-08-26 07:55:24+00:00,2024-08-13 02:45:30+00:00,4,10,168,77,5.114305270362765,3.9616700889801506,245,396.5,42.0,19.25,2.5,1.009675190048376,0.8948665297741273,0.774625267665953,376.84302465274874
Ritesh Rathore,2012-05-19 23:23:37+00:00,2012-05-19 23:23:37+00:00,1,1,2,1,13.385352498288844,0.0,3,9.7,2.0,1.0,1.0,inf,0.0,0.0,6.789999999999999
Rob Harrop,2009-09-03 16:18:22+00:00,2009-09-23 14:59:21+00:00,27,63,3150,2399,16.093086926762492,0.05201916495550993,5549,7647.1,116.66666666666667,88.85185185185185,2.3333333333333335,519.0394736842105,0.0,0.003232391970057843,5356.677763695134
Rob Tompkins,2018-09-10 00:31:07+00:00,2018-09-10 00:31:07+00:00,1,2,20,0,7.077344284736482,0.0,20,45.4,20.0,0.0,2.0,inf,0.3023956194387406,0.0,33.83931416837782
Rob Winch,2012-07-10 00:11:08+00:00,2024-05-22 02:49:24+00:00,127,3359,142337,140394,13.245722108145106,11.865845311430528,282731,356177.8,1120.763779527559,1105.4645669291338,26.448818897637796,10.702988001845869,0.8721423682409308,0.8958247209590741,343781.0542455492
Rob Worsnop,2024-12-17 03:41:01+00:00,2025-07-24 17:59:57+00:00,2,52,7021,2082,0.8076659822039699,0.5995893223819302,9103,15103.4,3510.5,1041.0,26.0,3.335616438356164,0.989596167008898,0.7423728813559322,14496.173198761004
Robert Danczak,2024-08-08 13:42:37+00:00,2024-08-08 13:42:37+00:00,1,1,1,1,1.163586584531143,0.0,2,7.7,1.0,1.0,1.0,inf,0.8937713894592745,0.0,6.422305954825462
Robert Gründler,2020-02-13 07:36:00+00:00,2020-02-13 07:36:00+00:00,1,1,14,1,5.648186173853525,0.0,15,33.7,14.0,1.0,1.0,inf,0.44503764544832314,0.0,25.839665297741274
Robin Roos,2020-10-21 18:18:11+00:00,2020-10-21 18:18:11+00:00,1,4,61,0,4.960985626283367,0.0,61,127.8,61.0,0.0,4.0,inf,0.514031485284052,0.0,99.31398357289527
Robin Wang,2017-09-30 16:41:42+00:00,2017-09-30 16:41:42+00:00,1,2,3,3,8.019164955509925,0.0,6,12.9,3.0,3.0,2.0,inf,0.20821355236139627,0.0,9.4328932238193
Rohit Pandey,2019-12-13 13:13:53+00:00,2019-12-13 13:13:53+00:00,1,1,0,1,5.817932922655715,0.0,1,5.7,0.0,1.0,1.0,inf,0.42833675564681717,0.0,4.356227926078029
Roland Praml,2024-12-13 07:23:38+00:00,2024-12-13 07:23:38+00:00,1,2,82,1,0.8158795345653662,0.0,83,169.9,82.0,1.0,2.0,inf,0.9282683093771389,0.0,142.5869178644764
Roland Weisleder,2020-06-12 07:37:25+00:00,2023-06-12 12:05:23+00:00,2,2,67,2,5.319644079397673,2.9979466119096507,69,145.4,33.5,1.0,1.0,0.667123287671233,0.7779603011635866,0.5635615028306742,131.03859054511483
RollW,2024-10-15 16:02:47+00:00,2024-10-15 16:02:47+00:00,1,1,97,0,0.9774127310061602,0.0,97,199.2,97.0,0.0,1.0,inf,0.9123887748117727,0.0,166.70217659137575
Roman Ivanov,2022-08-26 10:51:04+00:00,2022-08-26 10:51:04+00:00,1,1,151,248,3.1156741957563314,0.0,399,431.2,151.0,248.0,1.0,inf,0.6985626283367556,0.0,347.02303080082135
Ronny Perinke,2022-12-09 21:03:06+00:00,2023-09-20 15:23:59+00:00,2,4,42,22,2.8281998631074607,0.7775496235455168,64,105.8,21.0,11.0,2.0,2.572183098591549,0.8053388090349076,0.2749273959341723,91.2038246728593
Rossen Stoyanchev,2009-03-07 00:08:49+00:00,2024-10-15 16:13:29+00:00,3804,20276,476724,231816,16.588637919233403,15.60848733744011,708540,1092431.2,125.3217665615142,60.94006309148265,5.330178759200841,243.7135590247325,0.9123887748117727,0.9409143423007097,1068392.7622286393
Rostislav Svoboda,2020-10-03 21:08:12+00:00,2020-10-03 21:08:12+00:00,1,1,3,13,5.0102669404517455,0.0,16,17.7,3.0,13.0,1.0,inf,0.5091033538672143,0.0,13.741669404517452
Roy Clarkson,2014-05-14 21:07:08+00:00,2016-03-05 15:27:23+00:00,4,22,1539,9,11.40041067761807,1.8069815195071868,1548,3106.9,384.75,2.25,5.5,2.213636363636364,0.05106091718001371,0.1585014409221902,2272.4933935581607
Roy Lee,2022-09-30 11:58:04+00:00,2022-09-30 11:58:04+00:00,1,1,1,1,3.0198494182067077,0.0,2,7.7,1.0,1.0,1.0,inf,0.708145106091718,0.0,6.207907597535934
Ruben Dijkstra,2016-03-03 17:01:09+00:00,2017-01-27 12:29:42+00:00,2,10,12,12,9.596167008898014,0.9007529089664613,24,42.0,6.0,6.0,5.0,2.2203647416413372,0.1408624229979466,0.09386590584878746,30.87878847173442
Rune Flobakk,2019-09-15 20:21:20+00:00,2019-09-15 20:21:20+00:00,1,3,34,42,6.061601642710472,0.0,76,94.6,34.0,42.0,3.0,inf,0.40396988364134157,0.0,71.95233264887062
Ruslan Akhundov,2020-05-04 08:55:30+00:00,2021-05-16 15:32:55+00:00,2,11,343,20,5.426420260095825,1.0321697467488022,363,708.2,171.5,10.0,5.5,1.9376657824933685,0.5707049965776865,0.19021190716448033,576.5722026845303
Ruslan Pistriak,2017-02-25 15:25:43+00:00,2017-02-25 15:25:43+00:00,1,1,2,2,8.61327857631759,0.0,4,10.2,2.0,2.0,1.0,inf,0.1488021902806297,0.0,7.367667351129362
Ruslan Sibgatullin,2016-04-23 12:32:11+00:00,2016-04-23 12:32:11+00:00,1,2,31,1,9.456536618754278,0.0,32,67.9,31.0,1.0,2.0,inf,0.06447638603696093,0.0,48.18669199178645
Ruslan Stelmachenko,2020-09-14 19:01:13+00:00,2021-09-08 22:43:20+00:00,2,3,23,3,5.062286105407256,0.9828884325804244,26,58.1,11.5,1.5,1.5,2.034818941504178,0.6021902806297057,0.19415900486749593,47.61018402310811
Russell Bolles,2025-03-13 19:22:25+00:00,2025-03-13 19:22:25+00:00,1,2,47,4,0.5694729637234771,0.0,51,101.4,47.0,4.0,2.0,inf,0.9531827515400411,0.0,85.47790965092402
RustyTheClone,2019-06-15 18:36:07+00:00,2019-06-15 18:36:07+00:00,1,4,41,2,6.313483915126626,0.0,43,88.8,41.0,2.0,4.0,inf,0.3787816563997263,0.0,67.20537166324435
Ryan Burke,2019-07-22 15:22:37+00:00,2019-07-22 15:22:37+00:00,1,1,1,1,6.2121834360027375,0.0,2,7.7,1.0,1.0,1.0,inf,0.38891170431211497,0.0,5.8391930184804925
Ryan O'Meara,2017-03-21 04:53:26+00:00,2017-03-21 04:53:26+00:00,1,5,60,17,8.550308008213552,0.0,77,134.5,60.0,17.0,5.0,inf,0.1550992470910335,0.0,97.2791273100616
Ryan Pickett,2017-02-02 17:46:21+00:00,2017-02-02 17:46:21+00:00,1,1,2,2,8.676249144421629,0.0,4,10.2,2.0,2.0,1.0,inf,0.14250513347022586,0.0,7.358032854209445
Ryan Prayogo,2025-02-21 18:25:59+00:00,2025-02-21 18:25:59+00:00,1,1,1,1,0.6242299794661191,0.0,2,7.7,1.0,1.0,1.0,inf,0.9477070499657768,0.0,6.484601642710472
Ryan Rupp,2023-01-05 20:44:05+00:00,2023-01-05 20:44:05+00:00,1,1,7,2,2.754277891854894,0.0,9,20.2,7.0,2.0,1.0,inf,0.7347022587268994,0.0,16.366147843942503
Ryan Scheidter,2019-02-15 15:08:55+00:00,2019-02-15 15:08:55+00:00,1,1,2,2,6.6420260095824775,0.0,4,10.2,2.0,2.0,1.0,inf,0.345927446954141,0.0,7.669268993839835
Ryan Skow,2015-02-23 19:25:11+00:00,2015-02-23 19:25:11+00:00,1,1,10,2,10.620123203285422,0.0,12,26.2,10.0,2.0,1.0,inf,0.0,0.0,18.34
Ryan Yin,2018-06-19 04:19:23+00:00,2018-06-19 04:19:23+00:00,1,1,1,1,7.304585900068446,0.0,2,7.7,1.0,1.0,1.0,inf,0.27967145790554415,0.0,5.713020533880903
Rémi Alvergnat,2017-12-05 14:10:56+00:00,2017-12-05 14:10:56+00:00,1,1,2,1,7.838466803559206,0.0,3,9.7,2.0,1.0,1.0,inf,0.22628336755646816,0.0,7.11924229979466
Rémy,2022-06-08 09:49:22+00:00,2022-06-08 09:49:22+00:00,1,1,14,0,3.3319644079397674,0.0,14,33.2,14.0,0.0,1.0,inf,0.6766598220396989,0.0,26.609765913757702
Rüdiger Schulz,2020-11-02 17:15:18+00:00,2020-11-02 17:15:18+00:00,1,1,1,1,4.9281314168377826,0.0,2,7.7,1.0,1.0,1.0,inf,0.5173169062286106,0.0,5.987501026694044
SRIRAM9487,2025-08-08 09:05:35+00:00,2025-08-08 09:05:35+00:00,1,3,271,29,0.16427104722792607,0.0,300,562.1,271.0,29.0,3.0,inf,0.993429158110883,0.0,477.23097946611904
SW,2023-04-04 14:44:32+00:00,2023-04-12 11:07:20+00:00,2,7,82,134,2.510609171800137,0.019164955509924708,216,242.4,41.0,67.0,3.5,104.35714285714286,0.7612594113620808,0.007633587786259542,197.63694944903366
Sam Brannen,2009-04-27 22:49:34+00:00,2025-08-29 15:25:15+00:00,5692,27080,335078,229726,16.44626967830253,16.33675564681725,564804,818895.0,58.8682361208714,40.35945186226282,4.757554462403373,348.4167923579688,0.9994524298425735,0.9933411020476112,818009.7988945819
Sam Hubbard,2018-10-05 11:09:47+00:00,2018-10-05 11:09:47+00:00,1,1,1,1,7.006160164271047,0.0,2,7.7,1.0,1.0,1.0,inf,0.309514031485284,0.0,5.747488706365504
Sam Kruglov,2021-10-02 17:50:59+00:00,2021-10-02 17:50:59+00:00,1,3,35,0,4.01368925393566,0.0,35,75.6,35.0,0.0,3.0,inf,0.6087611225188228,0.0,59.82335112936344
Sammy Chu,2016-01-19 04:53:22+00:00,2016-01-19 04:53:22+00:00,1,4,21,13,9.71937029431896,0.0,34,54.3,21.0,13.0,4.0,inf,0.038193018480492724,0.0,38.3210821355236
Sang Gi Ryu,2014-10-23 04:27:50+00:00,2014-10-23 04:27:50+00:00,1,1,3,2,10.959616700889802,0.0,5,12.2,3.0,2.0,1.0,inf,0.0,0.0,8.54
Sanghyuk Jung,2016-05-25 20:48:18+00:00,2024-08-02 17:46:48+00:00,4,17,27,27,9.36892539356605,8.186173853524982,54,90.9,6.75,6.75,4.25,0.48862876254180604,0.8921286789869952,0.8737580362361193,87.70786536206717
Sangmin Park,2024-10-13 15:50:36+00:00,2024-10-13 15:50:36+00:00,1,1,8,3,0.9828884325804244,0.0,11,22.7,8.0,3.0,1.0,inf,0.9118412046543464,0.0,18.99481930184805
Sangwon Hong,2023-01-05 17:02:14+00:00,2023-01-05 17:02:14+00:00,1,1,2,2,2.754277891854894,0.0,4,10.2,2.0,2.0,1.0,inf,0.7347022587268994,0.0,8.264094455852156
Sangwoo Lee,2018-12-08 11:41:09+00:00,2018-12-08 11:41:09+00:00,1,1,1,1,6.830937713894593,0.0,2,7.7,1.0,1.0,1.0,inf,0.32703627652292944,0.0,5.767726899383983
Satyapal Reddy,2012-08-06 18:55:36+00:00,2012-08-06 18:55:36+00:00,1,16,524,63,13.169062286105408,0.0,587,1087.7,524.0,63.0,16.0,inf,0.0,0.0,761.39
Sauhard Sharma,2019-08-13 08:27:29+00:00,2019-08-13 08:27:29+00:00,1,1,9,2,6.151950718685832,0.0,11,24.2,9.0,2.0,1.0,inf,0.39466119096509245,0.0,18.372620123203284
"Scheidter,Ryan",2019-07-16 13:06:02+00:00,2019-07-16 13:06:02+00:00,1,3,46,1,6.228610540725531,0.0,47,98.1,46.0,1.0,3.0,inf,0.3872689938398357,0.0,74.36866324435317
SchutzeHades,2019-11-14 08:57:45+00:00,2019-11-14 08:57:45+00:00,1,1,2,2,5.897330595482546,0.0,4,10.2,2.0,2.0,1.0,inf,0.42012320328542097,0.0,7.782788501026693
Scott Andrews,2008-10-24 21:05:25+00:00,2012-05-31 17:45:10+00:00,39,190,3761,489,16.95277207392197,3.597535934291581,4250,7999.5,96.43589743589743,12.538461538461538,4.871794871794871,10.840753424657533,0.0,0.2122093023255814,5854.285247093023
Scott Frederick,2022-06-07 23:49:15+00:00,2025-05-28 15:06:24+00:00,4,19,496,102,3.3347022587268995,2.97056810403833,598,1066.8,124.0,25.5,4.75,1.3465437788018433,0.973990417522245,0.8908045977011494,1045.1644983360475
Sebastien Deleuze,2014-02-05 16:22:36+00:00,2019-10-27 19:11:08+00:00,727,6494,91641,24383,11.668720054757015,5.722108145106092,116024,200407.3,126.05364511691884,33.53920220082531,8.932599724896836,127.05107655502391,0.4154688569472964,0.49038010323791653,167515.9216477789
Sehwan Lim,2024-10-21 15:40:41+00:00,2024-10-21 15:40:41+00:00,1,1,1,1,0.9609856262833676,0.0,2,7.7,1.0,1.0,1.0,inf,0.914031485284052,0.0,6.44570636550308
Semyon Danilov,2020-05-11 11:59:23+00:00,2020-05-11 11:59:23+00:00,1,5,218,2,5.4072553045859,0.0,220,443.0,218.0,2.0,5.0,inf,0.46940451745379874,0.0,341.2919301848049
"Seo, Kyung-Seok",2014-10-26 14:52:42+00:00,2014-10-26 14:52:42+00:00,1,1,2,4,10.948665297741274,0.0,6,11.2,2.0,4.0,1.0,inf,0.0,0.0,7.839999999999999
Seokjae Lee,2024-07-15 09:50:30+00:00,2024-07-15 09:50:30+00:00,1,2,68,5,1.2292950034223136,0.0,73,143.9,68.0,5.0,2.0,inf,0.8872005475701574,0.0,119.88022381930185
Seonghoon Kim,2023-06-30 02:16:13+00:00,2023-06-30 02:16:13+00:00,1,1,2,2,2.2751540041067764,0.0,4,10.2,2.0,2.0,1.0,inf,0.7826146475017112,0.0,8.337400410677617
Seonghun Jeong,2025-04-22 10:16:34+00:00,2025-04-22 10:16:34+00:00,1,1,2,2,0.459958932238193,0.0,4,10.2,2.0,2.0,1.0,inf,0.9641341546885694,0.0,8.61512525667351
Sergei Ustimenko,2016-12-03 17:56:42+00:00,2016-12-03 17:56:42+00:00,1,1,2,2,8.843258042436688,0.0,4,10.2,2.0,2.0,1.0,inf,0.12580424366872,0.0,7.33248049281314
Sergey,2018-01-13 12:23:22+00:00,2018-01-13 12:23:22+00:00,1,2,20,8,7.731690622861054,0.0,28,49.4,20.0,8.0,2.0,inf,0.23696098562628332,0.0,36.335880903490754
Sergey Chupov,2018-08-08 13:48:37+00:00,2018-08-08 13:48:37+00:00,1,1,0,12,7.1649555099247095,0.0,12,11.2,0.0,12.0,1.0,inf,0.29363449691991783,0.0,8.333305954825462
Sergey Galkin,2019-03-17 10:37:12+00:00,2019-03-17 10:37:12+00:00,1,3,137,1,6.5598904859685145,0.0,138,280.1,137.0,1.0,3.0,inf,0.35414099931553733,0.0,210.9492340862423
Sergey Zolotaryov,2024-04-11 15:20:30+00:00,2024-04-11 15:20:30+00:00,1,2,53,18,1.4893908281998631,0.0,71,120.4,53.0,18.0,2.0,inf,0.8611909650924024,0.0,99.83310882956879
Sergiu Prodan,2023-02-27 09:19:55+00:00,2023-02-27 09:19:55+00:00,1,1,2,3,2.6091718001368926,0.0,5,10.7,2.0,3.0,1.0,inf,0.7489390828199863,0.0,8.692047227926077
Seth Kuipers,2023-11-01 00:39:59+00:00,2023-11-01 00:39:59+00:00,1,3,92,36,1.9356605065023955,0.0,128,207.6,92.0,36.0,3.0,inf,0.8165639972621492,0.0,170.74780287474331
Seungrae,2024-05-22 17:00:47+00:00,2024-10-08 15:56:59+00:00,2,3,32,2,1.377138945927447,0.37782340862423,34,75.6,16.0,1.0,1.5,5.293478260869565,0.9104722792607803,0.27435387673956263,66.35592860904389
Seungrae Kim,2024-04-30 12:30:39+00:00,2024-04-30 12:30:39+00:00,1,1,3,3,1.4373716632443532,0.0,6,12.7,3.0,3.0,1.0,inf,0.8663928815879535,0.0,10.54047843942505
ShaoqiangLu,2021-02-23 16:43:39+00:00,2021-02-23 16:43:39+00:00,1,1,3,0,4.618754277891855,0.0,3,11.2,3.0,0.0,1.0,inf,0.5482546201232033,0.0,8.76106776180698
SharadK10,2024-05-15 17:00:27+00:00,2024-05-15 17:00:27+00:00,1,1,1,1,1.3963039014373717,0.0,2,7.7,1.0,1.0,1.0,inf,0.8704996577686517,0.0,6.395427104722792
ShenFeng312,2022-12-07 03:30:40+00:00,2022-12-07 03:30:40+00:00,1,2,2,2,2.836413415468857,0.0,4,10.4,2.0,2.0,2.0,inf,0.7264887063655031,0.0,8.413322381930184
Shenker93,2020-09-23 19:53:41+00:00,2020-09-23 19:53:41+00:00,1,1,16,16,5.037645448323066,0.0,32,45.2,16.0,16.0,1.0,inf,0.5063655030800821,0.0,35.07315811088296
ShindongLee,2021-04-24 13:27:01+00:00,2021-04-24 13:27:01+00:00,1,4,45,4,4.454483230663929,0.0,49,97.8,45.0,4.0,4.0,inf,0.5646817248459959,0.0,76.74388090349076
Siddik ACIL,2024-02-01 16:37:25+00:00,2024-02-01 16:37:25+00:00,1,2,10,10,1.68104038329911,0.0,20,30.4,10.0,10.0,2.0,inf,0.8420260095824778,0.0,25.119638603696096
Simon Baslé,2022-04-20 09:51:17+00:00,2024-12-27 13:24:18+00:00,94,686,18053,5893,3.46611909650924,2.6885694729637235,23946,39659.7,192.0531914893617,62.691489361702125,7.297872340425532,34.96283095723014,0.9323750855578371,0.7756714060031596,37922.88171620424
Simon Bowring,2018-09-17 10:07:48+00:00,2018-09-17 10:07:48+00:00,1,1,5,4,7.055441478439425,0.0,9,17.2,5.0,4.0,1.0,inf,0.3045859000684462,0.0,12.825831622176588
Siva Prasad Valluru,2013-12-15 12:45:04+00:00,2013-12-15 12:45:04+00:00,1,6,260,1,11.811088295687885,0.0,261,526.7,260.0,1.0,6.0,inf,0.0,0.0,368.69
Skelotron,2017-12-24 00:14:29+00:00,2017-12-24 00:14:29+00:00,1,1,1,1,7.789185489390828,0.0,2,7.7,1.0,1.0,1.0,inf,0.23121149897330595,0.0,5.657049281314168
Smile,2021-10-18 04:56:55+00:00,2021-10-18 04:56:55+00:00,1,1,2,2,3.972621492128679,0.0,4,10.2,2.0,2.0,1.0,inf,0.6128678986995209,0.0,8.077687885010265
Sokrato,2020-09-13 13:33:36+00:00,2020-09-13 13:33:36+00:00,1,1,1,1,5.065023956194388,0.0,2,7.7,1.0,1.0,1.0,inf,0.50362765229295,0.0,5.971689938398357
Sola,2018-07-30 21:16:12+00:00,2018-07-30 21:16:12+00:00,1,1,1,1,7.189596167008898,0.0,2,7.7,1.0,1.0,1.0,inf,0.291170431211499,0.0,5.726301848049281
Songdoeon,2025-07-20 07:18:29+00:00,2025-07-20 07:18:29+00:00,1,3,92,10,0.216290212183436,0.0,102,194.6,92.0,10.0,3.0,inf,0.9882272416153319,0.0,165.0663531827515
Spark61,2022-12-03 21:06:16+00:00,2022-12-03 21:06:16+00:00,1,1,1,1,2.844626967830253,0.0,2,7.7,1.0,1.0,1.0,inf,0.7256673511293634,0.0,6.228145790554414
Spencer Gibb,2024-02-10 03:27:14+00:00,2024-02-10 03:27:14+00:00,1,1,2,2,1.6591375770020533,0.0,4,10.2,2.0,2.0,1.0,inf,0.8442162902121835,0.0,8.43165092402464
"Spindler, Justin",2020-11-18 15:50:57+00:00,2020-11-18 15:50:57+00:00,1,4,56,1,4.884325804243669,0.0,57,118.3,56.0,1.0,4.0,inf,0.5216974674880219,0.0,92.06752156057495
Spring Buildmaster,2012-05-28 20:22:36+00:00,2021-07-14 06:48:14+00:00,75,75,77,77,13.360711841204655,9.125256673511293,154,582.5,1.0266666666666666,1.0266666666666666,1.0,8.21894689468947,0.5865845311430526,0.6829918032786885,518.6792322200996
Spring Builds,2021-09-15 07:24:10+00:00,2025-06-17 14:23:35+00:00,41,17264,17264,17264,4.060232717316906,3.753593429158111,34528,46817.8,421.0731707317073,421.0731707317073,421.0731707317073,10.922866520787746,0.9794661190965093,0.9244774106540795,46143.22710807357
Spring Operator,2019-03-05 22:21:36+00:00,2019-03-26 09:25:05+00:00,8,15003,17810,17810,6.5927446954141,0.05475701574264202,35620,47565.6,2226.25,2226.25,1875.375,146.1,0.35633127994524294,0.00830564784053156,35897.546137843055
SreenathTM,2022-09-10 13:17:13+00:00,2022-09-10 13:17:13+00:00,1,2,7,173,3.07460643394935,0.0,180,105.9,7.0,173.0,2.0,inf,0.7026694045174537,0.0,85.29190349075975
Stas Volsky,2015-01-22 20:49:21+00:00,2015-01-22 20:49:21+00:00,1,2,44,6,10.707734428473648,0.0,50,96.4,44.0,6.0,2.0,inf,0.0,0.0,67.48
Stefan Ferstl,2016-05-08 16:54:21+00:00,2016-05-08 16:54:21+00:00,1,1,2,2,9.415468856947296,0.0,4,10.2,2.0,2.0,1.0,inf,0.06858316221765914,0.0,7.244932238193018
Stefan Penndorf,2019-01-15 07:40:34+00:00,2019-01-15 07:40:34+00:00,1,1,1,1,6.7268993839835725,0.0,2,7.7,1.0,1.0,1.0,inf,0.33716632443531824,0.0,5.779427104722792
Stefano Cordio,2023-05-29 20:49:41+00:00,2025-08-04 10:03:55+00:00,7,11,89,23,2.3600273785078714,2.1820670773442847,112,226.7,12.714285714285714,3.2857142857142856,1.5714285714285714,3.2079673776662485,0.9926078028747434,0.9245939675174014,223.88444620218485
Stephane Maldini,2015-04-23 17:38:52+00:00,2019-06-26 00:42:01+00:00,112,349,3180,3026,10.458590006844627,4.172484599589322,6206,8502.8,28.392857142857142,27.017857142857142,3.1160714285714284,26.842519685039374,0.38151950718685834,0.3989528795811518,6947.3900915316535
Stephane Nicoll,2014-01-08 10:29:49+00:00,2024-06-24 16:04:42+00:00,941,5659,114492,29888,11.745379876796715,10.458590006844627,144380,249764.8,121.67056323060574,31.761955366631245,6.0138150903294365,89.97388743455497,0.8814510609171801,0.8904428904428904,241218.8707573986
Steve Gerhardt,2022-09-13 01:03:09+00:00,2022-09-13 01:03:09+00:00,1,1,10,10,3.0691307323750854,0.0,20,30.2,10.0,10.0,1.0,inf,0.7032169746748802,0.0,24.325572895277205
Steve Wei,2021-08-30 14:47:31+00:00,2021-08-30 14:47:31+00:00,1,1,4,4,4.1040383299110195,0.0,8,15.2,4.0,4.0,1.0,inf,0.5997262149212867,0.0,12.007375770020534
Steven Schlansker,2019-10-11 20:55:50+00:00,2019-10-11 20:55:50+00:00,1,2,41,0,5.990417522245037,0.0,41,87.4,41.0,0.0,2.0,inf,0.41108829568788496,0.0,66.56936755646817
Stevo Slavic,2012-02-12 19:45:55+00:00,2013-05-19 16:00:05+00:00,16,123,555,419,13.650924024640657,1.2621492128678986,974,1424.1,34.6875,26.1875,7.6875,12.676789587852495,0.0,0.09245888487765744,1016.6206046931406
Stéphane GRILLON,2018-05-03 08:26:16+00:00,2018-05-03 08:26:16+00:00,1,1,2,2,7.430527036276523,0.0,4,10.2,2.0,2.0,1.0,inf,0.2668035592060233,0.0,7.548209445585215
Stéphane Nicoll,2023-09-15 08:25:16+00:00,2025-08-16 07:14:59+00:00,510,3677,52266,28907,2.0616016427104724,1.9164955509924708,81173,122270.9,102.48235294117647,56.680392156862744,7.209803921568628,266.1107142857143,0.9956194387405887,0.9296148738379812,120899.64981647945
Suhas Kowligi,2024-01-08 11:39:31+00:00,2024-01-08 11:39:31+00:00,1,1,1,1,1.7467488021902806,0.0,2,7.7,1.0,1.0,1.0,inf,0.8354551676933607,0.0,6.354950718685831
SungMin,2021-11-10 14:11:33+00:00,2021-11-10 14:11:33+00:00,1,12,45,62,3.9069130732375084,0.0,107,128.4,45.0,62.0,12.0,inf,0.6194387405886379,0.0,101.81039014373717
SungbinYang,2024-09-30 09:06:24+00:00,2024-10-04 06:06:33+00:00,2,2,3,5,1.0184804928131417,0.008213552361396304,8,18.9,1.5,2.5,1.0,243.5,0.9091033538672142,0.008064516129032258,15.830170911439357
Sungho Hwang,2020-07-22 08:18:36+00:00,2020-07-22 08:18:36+00:00,1,2,3,3,5.210130047912389,0.0,6,12.9,3.0,3.0,2.0,inf,0.48884325804243667,0.0,9.975911704312114
Sviatoslav,2020-01-26 14:23:22+00:00,2020-01-26 14:23:22+00:00,1,1,1,1,5.6974674880219025,0.0,2,7.7,1.0,1.0,1.0,inf,0.44038329911019847,0.0,5.898642710472279
Sviatoslav Hryb,2020-02-17 14:25:17+00:00,2021-06-15 18:13:29+00:00,29,30,72,63,5.637234770704997,1.325119780971937,135,326.5,2.4827586206896552,2.1724137931034484,1.0344827586206897,21.884814049586776,0.5789185489390828,0.23506556580864496,268.4148720197699
Sylvain Lemoine,2019-05-29 08:09:21+00:00,2019-05-29 08:09:21+00:00,1,1,193,0,6.360027378507871,0.0,193,391.2,193.0,0.0,1.0,inf,0.3738535249828885,0.0,295.77772484599586
Sylwester Niewczas,2015-12-20 16:45:12+00:00,2015-12-20 16:45:12+00:00,1,1,1,1,9.79876796714579,0.0,2,7.7,1.0,1.0,1.0,inf,0.03025325119780964,0.0,5.42494250513347
Syuziko,2021-08-07 12:10:08+00:00,2021-08-07 12:10:08+00:00,1,36,1115,1121,4.167008898015058,0.0,2236,2802.7,1115.0,1121.0,36.0,inf,0.5934291581108829,0.0,2211.3705852156054
Sébastien Deleuze,2019-11-13 13:22:11+00:00,2025-08-25 12:38:04+00:00,797,6984,71530,37990,5.900068446269678,5.779603011635865,109520,167436.8,89.74905897114178,47.66624843161857,8.762860727728985,137.89874467077215,0.9983572895277207,0.9795823665893271,166882.7429920008
Sébastien NUSSBAUMER,2024-07-04 20:15:42+00:00,2024-07-04 20:15:42+00:00,1,2,26,0,1.2594113620807665,0.0,26,57.4,26.0,0.0,2.0,inf,0.8841889117043121,0.0,47.79286652977412
T45K,2023-12-14 12:52:57+00:00,2024-03-26 12:49:38+00:00,2,8,95,4,1.8151950718685832,0.2792607802874743,99,203.6,47.5,2.0,4.0,7.161764705882353,0.8568104038329911,0.15384615384615383,173.38545127152108
Tadaya Tsuyukubo,2014-09-03 06:17:32+00:00,2024-02-12 01:34:17+00:00,7,19,750,6,11.093771389459274,9.440109514031485,756,1541.8,107.14285714285714,0.8571428571428571,2.7142857142857144,0.7415168213457076,0.8447638603696099,0.8509378084896349,1471.4249249570773
Taehee Kim,2020-03-30 12:00:25+00:00,2020-03-30 12:00:25+00:00,1,1,1,1,5.522245037645448,0.0,2,7.7,1.0,1.0,1.0,inf,0.4579055441478439,0.0,5.918880903490759
Taeik Lim,2025-04-02 12:33:22+00:00,2025-04-02 12:33:22+00:00,1,9,16,16,0.5147159479808351,0.0,32,46.8,16.0,16.0,9.0,inf,0.9586584531143053,0.0,39.48978234086242
Taemin Shin,2021-02-15 18:40:45+00:00,2021-03-03 13:44:40+00:00,3,3,4,2,4.640657084188912,0.04106776180698152,6,24.6,1.3333333333333333,0.6666666666666666,1.0,73.05,0.550444900752909,0.008849557522123894,19.28379655103487
Tarek Mues,2024-12-11 02:10:05+00:00,2024-12-11 02:10:05+00:00,1,1,16,0,0.8240930869267625,0.0,16,37.2,16.0,0.0,1.0,inf,0.9277207392197125,0.0,31.216681724845998
Tasuku Nakagawa,2021-04-29 15:59:26+00:00,2021-04-29 15:59:26+00:00,1,1,1,1,4.440793976728268,0.0,2,7.7,1.0,1.0,1.0,inf,0.5660506502395619,0.0,6.043788501026693
Thom Hurks,2023-01-19 10:47:37+00:00,2023-01-19 15:28:18+00:00,2,2,2,2,2.7159479808350446,0.0,4,15.4,1.0,1.0,1.0,inf,0.7385352498288843,0.0,12.486016427104722
Thomas Darimont,2015-04-02 11:52:49+00:00,2015-04-02 11:52:49+00:00,1,1,20,0,10.516084873374401,0.0,20,45.2,20.0,0.0,1.0,inf,0.0,0.0,31.64
Thomas Deblock,2024-06-07 07:25:11+00:00,2024-07-18 16:11:13+00:00,2,4,33,4,1.3333333333333333,0.11225188227241616,37,78.8,16.5,2.0,2.0,17.817073170731707,0.888021902806297,0.08418891170431213,66.65153182751538
Thomas Girard,2019-02-08 13:14:37+00:00,2019-02-08 13:14:37+00:00,1,2,37,3,6.661190965092403,0.0,40,80.9,37.0,3.0,2.0,inf,0.3440109514031485,0.0,60.80457289527721
Thomas Risberg,2008-11-07 20:21:08+00:00,2017-01-06 21:34:45+00:00,157,489,113985,29904,16.914442162902123,8.164271047227926,143889,243804.8,726.0191082802547,190.47133757961782,3.1146496815286624,19.23013078470825,0.13511293634496924,0.4826804791194561,193256.51001479317
Thor Andreas Rognan,2018-03-29 15:56:50+00:00,2018-03-30 02:41:01+00:00,2,4,5,4,7.526351813826146,0.0,9,22.8,2.5,2.0,2.0,inf,0.25749486652977416,0.0,16.840632443531828
Tim Meighen,2012-08-29 20:46:23+00:00,2012-08-29 20:46:23+00:00,1,3,10,3,13.10609171800137,0.0,13,27.1,10.0,3.0,3.0,inf,0.0,0.0,18.97
Timo Meinen,2018-01-16 12:00:13+00:00,2018-01-16 12:00:13+00:00,1,1,1,0,7.723477070499658,0.0,1,7.2,1.0,0.0,1.0,inf,0.237782340862423,0.0,5.296804928131417
Tin Pavlinic,2017-11-01 03:32:40+00:00,2017-11-01 03:32:40+00:00,1,4,69,8,7.9342915811088295,0.0,77,147.8,69.0,8.0,4.0,inf,0.2167008898015058,0.0,108.26425872689939
Tobias Hänel,2025-03-30 18:28:12+00:00,2025-03-30 18:28:12+00:00,2,2,2,2,0.5229295003422314,0.0,4,15.4,1.0,1.0,1.0,inf,0.9578370978781656,0.0,12.992603696098563
Tobias Montagna-Hay,2015-02-24 04:20:47+00:00,2015-02-24 04:20:47+00:00,1,2,109,1,10.620123203285422,0.0,110,223.9,109.0,1.0,2.0,inf,0.0,0.0,156.73
Tobias Stoeckmann,2015-10-11 12:49:39+00:00,2015-10-11 12:49:39+00:00,1,1,1,1,9.990417522245037,0.0,2,7.7,1.0,1.0,1.0,inf,0.011088295687885052,0.0,5.4028069815195074
Tokuhiro Matsuno,2016-03-22 04:36:47+00:00,2016-03-22 04:36:47+00:00,1,1,1,1,9.546885694729637,0.0,2,7.7,1.0,1.0,1.0,inf,0.05544147843942504,0.0,5.454034907597536
Tom Fitzhenry,2017-10-03 02:40:56+00:00,2017-10-03 02:40:56+00:00,1,1,1,1,8.013689253935661,0.0,2,7.7,1.0,1.0,1.0,inf,0.20876112251882273,0.0,5.63111909650924
Tom Mack,2012-12-28 19:13:56+00:00,2012-12-28 19:13:56+00:00,1,1,3,3,12.774811772758385,0.0,6,12.7,3.0,3.0,1.0,inf,0.0,0.0,8.889999999999999
Tom van den Berge,2020-03-17 16:15:13+00:00,2020-03-17 16:15:13+00:00,1,3,40,0,5.557837097878165,0.0,40,85.6,40.0,0.0,3.0,inf,0.45434633812457226,0.0,65.7538069815195
Tomas Drabek,2020-07-08 22:04:09+00:00,2020-07-08 22:04:09+00:00,1,4,402,227,5.248459958932238,0.0,629,923.3,402.0,227.0,4.0,inf,0.4852840520191649,0.0,713.5194147843943
Tomasz Letachowicz,2019-10-10 21:24:56+00:00,2019-10-10 21:24:56+00:00,2,2,6,6,5.993155373032169,0.0,12,25.4,3.0,3.0,1.0,inf,0.41081451060917185,0.0,19.345203285420943
Tomasz Linkowski,2019-03-09 15:46:15+00:00,2019-03-09 15:46:15+00:00,1,1,1,1,6.581793292265571,0.0,2,7.7,1.0,1.0,1.0,inf,0.3519507186858316,0.0,5.796503080082135
Tomasz Nurkiewicz,2013-02-27 21:41:31+00:00,2018-10-13 08:44:49+00:00,2,2,2,2,12.607802874743326,5.620807665982204,4,15.4,1.0,1.0,1.0,0.35582075012177306,0.3114305270362765,0.44581976112920735,12.529248165662267
Tommy Ludwig,2025-07-31 09:05:48+00:00,2025-07-31 10:06:31+00:00,2,5,552,5,0.1861738535249829,0.0,557,1117.5,276.0,2.5,2.5,inf,0.9915126625598905,0.0,948.4523100616016
Tomo Suzuki,2019-08-15 15:22:52+00:00,2019-08-15 15:22:52+00:00,1,1,4,1,6.146475017111568,0.0,5,13.7,4.0,1.0,1.0,inf,0.395482546201232,0.0,10.40271663244353
Tony Mitchell,2017-12-07 00:38:46+00:00,2017-12-07 00:38:46+00:00,1,2,8,1,7.835728952772074,0.0,9,21.9,8.0,1.0,2.0,inf,0.2265571526351814,0.0,16.074240246406568
Tony Wen,2024-06-05 05:32:51+00:00,2024-06-05 05:32:51+00:00,1,1,3,3,1.3388090349075976,0.0,6,12.7,3.0,3.0,1.0,inf,0.8759753593429158,0.0,10.558733059548254
Toshiaki Maki,2015-07-31 15:32:21+00:00,2023-09-10 00:39:35+00:00,9,15,200,91,10.18754277891855,8.109514031485284,291,493.5,22.22222222222222,10.11111111111111,1.6666666666666667,1.1098075624577988,0.8023271731690622,0.7960225745767266,463.767840076882
Tran Ngoc Nhan,2024-07-19 14:29:31+00:00,2025-08-28 15:24:08+00:00,23,74,140,114,1.218343600273785,1.108829568788501,254,466.8,6.086956521739131,4.956521739130435,3.217391304347826,20.742592592592594,0.9991786447638604,0.9101123595505618,460.44855612209585
Tyler Bertrand,2023-11-30 19:46:46+00:00,2023-11-30 19:46:46+00:00,1,1,1,1,1.8535249828884326,0.0,2,7.7,1.0,1.0,1.0,inf,0.8247775496235455,0.0,6.342618069815194
Udo Kohlmeyer,2019-08-30 00:35:53+00:00,2019-08-30 00:35:53+00:00,1,1,2627,414,6.108145106091718,0.0,3041,5466.2,2627.0,414.0,1.0,inf,0.3993155373032169,0.0,4153.750788501026
Undefined,2020-06-20 12:54:05+00:00,2020-06-20 12:54:05+00:00,1,1,52,0,5.297741273100616,0.0,52,109.2,52.0,0.0,1.0,inf,0.48035592060232724,0.0,84.30822997946612
Usman,2019-02-06 20:40:17+00:00,2019-02-06 20:40:17+00:00,1,1,17,3,6.666666666666667,0.0,20,40.7,17.0,3.0,1.0,inf,0.3434633812457222,0.0,30.586843942505137
Valentin,2021-03-25 21:34:40+00:00,2021-03-25 21:34:40+00:00,1,2,31,0,4.5366187542778915,0.0,31,67.4,31.0,0.0,2.0,inf,0.5564681724845996,0.0,52.805893223819304
Valery Yatsynovich,2022-06-08 14:32:26+00:00,2023-06-05 15:34:03+00:00,2,4,55,2,3.3319644079397674,0.9911019849418207,57,121.8,27.5,1.0,2.0,2.0179558011049723,0.7760438056125941,0.2974527526705012,104.87278211983214
Vasiliy Kudriavtsev,2021-06-11 10:38:42+00:00,2022-12-26 09:35:38+00:00,2,3,17,9,4.323066392881588,1.538672142368241,26,49.1,8.5,4.5,1.5,1.2998220640569393,0.731690622861054,0.35592146928435725,42.380263058650954
Vasyl Tretiakov,2013-12-13 19:39:28+00:00,2014-06-04 18:55:50+00:00,2,2,50,44,11.816563997262149,0.47091033538672145,94,132.4,25.0,22.0,1.0,4.247093023255814,0.0,0.03985171455050973,93.47145505097312
Vatsa,2023-01-25 15:14:10+00:00,2023-05-05 17:01:43+00:00,4,6,43,4,2.6995208761122518,0.2737850787132101,47,109.2,10.75,1.0,1.5,14.610000000000001,0.7675564681724846,0.10141987829614604,90.67383255515617
Vedran Pavic,2018-07-19 09:21:52+00:00,2025-03-07 17:20:47+00:00,24,54,1248,265,7.219712525667351,6.633812457221081,1513,2759.3,52.0,11.041666666666666,2.25,3.6178291374329343,0.9515400410677618,0.9188471748198711,2705.653916719812
Vedran Pavić,2017-01-16 02:17:54+00:00,2017-01-16 02:17:54+00:00,1,2,4,4,8.725530458590006,0.0,8,15.4,4.0,4.0,2.0,inf,0.1375770020533882,0.0,11.097802874743326
Venil Noronha,2016-04-14 12:40:20+00:00,2016-04-19 15:52:20+00:00,3,3,14,4,9.481177275838467,0.013689253935660506,18,45.6,4.666666666666667,1.3333333333333333,1.0,219.15,0.06338124572210813,0.001443834825295986,32.36340355094424
Victor Georgescu,2023-10-11 20:58:32+00:00,2023-10-11 20:58:32+00:00,1,2,3,2,1.9904175222450375,0.0,5,12.4,3.0,2.0,2.0,inf,0.811088295687885,0.0,10.188624229979466
Vikash Tiwari,2018-10-26 01:33:28+00:00,2018-10-26 01:33:28+00:00,1,1,1,1,6.951403148528406,0.0,2,7.7,1.0,1.0,1.0,inf,0.31498973305954825,0.0,5.753813141683778
Vikey Chen,2022-02-28 16:49:43+00:00,2022-06-17 09:45:00+00:00,2,5,58,9,3.6057494866529773,0.29568788501026694,67,131.5,29.0,4.5,2.5,6.763888888888889,0.6791238877481177,0.08200455580865604,107.06325854915737
Vincent Potucek,2025-02-18 16:18:16+00:00,2025-06-13 14:03:24+00:00,3,51,137,124,0.6324435318275154,0.31211498973305957,261,361.2,45.666666666666664,41.333333333333336,17.0,9.611842105263158,0.9783709787816564,0.4935064935064935,332.5863214485719
Violeta Georgieva,2016-06-29 07:23:38+00:00,2025-06-05 11:19:28+00:00,60,232,5363,1196,9.273100616016427,8.933607118412047,6559,11670.4,89.38333333333334,19.933333333333334,3.8666666666666667,6.716212074777812,0.9761806981519507,0.9633894301741955,11564.61388384262
Vitalii,2016-10-13 13:52:57+00:00,2016-10-13 13:52:57+00:00,1,1,2,2,8.982888432580424,0.0,4,10.2,2.0,2.0,1.0,inf,0.11184120465434633,0.0,7.311117043121149
Vitalii Ananev,2019-11-25 07:26:11+00:00,2019-11-25 07:26:11+00:00,1,2,34,0,5.867214236824093,0.0,34,73.4,34.0,0.0,2.0,inf,0.42313483915126626,0.0,56.03871457905544
Vitalii Rastvorov,2019-12-04 16:18:46+00:00,2019-12-04 16:18:46+00:00,1,1,39,0,5.842573579739904,0.0,39,83.2,39.0,0.0,1.0,inf,0.42587268993839833,0.0,63.554891170431205
Vlad Kisel,2020-04-05 17:43:54+00:00,2020-06-06 22:11:34+00:00,3,8,401,10,5.505817932922656,0.1697467488021903,411,823.6,133.66666666666666,3.3333333333333335,2.6666666666666665,17.673387096774192,0.47652292950034225,0.030830432620586774,639.1984343564196
Vladimir L,2016-07-11 19:46:24+00:00,2016-07-11 19:46:24+00:00,1,1,56,0,9.240246406570842,0.0,56,117.2,56.0,0.0,1.0,inf,0.08610540725530458,0.0,83.55373305954825
Vladimir Perfilev,2024-12-30 20:51:46+00:00,2024-12-30 20:51:46+00:00,1,1,1,1,0.7693360711841205,0.0,2,7.7,1.0,1.0,1.0,inf,0.9331964407939768,0.0,6.467841889117043
Vladimir Sitnikov,2018-02-13 11:04:49+00:00,2018-02-13 11:04:49+00:00,1,8,10,9,7.646817248459959,0.0,19,31.1,10.0,9.0,8.0,inf,0.24544832306639286,0.0,22.91501642710472
Vladyslav Baidak,2023-07-03 13:38:19+00:00,2023-07-03 13:38:19+00:00,1,1,1,1,2.2642026009582477,0.0,2,7.7,1.0,1.0,1.0,inf,0.783709787816564,0.0,6.295184804928131
Vojtech Janota,2018-11-13 21:04:46+00:00,2018-11-13 21:04:46+00:00,1,2,11,1,6.899383983572895,0.0,12,27.9,11.0,1.0,2.0,inf,0.32019164955509927,0.0,20.870002053388088
VonUniGE,2020-12-02 14:04:57+00:00,2020-12-02 14:04:57+00:00,1,1,1,1,4.84599589322382,0.0,2,7.7,1.0,1.0,1.0,inf,0.5255304585900069,0.0,5.996987679671458
Wang Jingyu,2018-03-17 16:17:41+00:00,2018-03-17 16:17:41+00:00,1,1,4,4,7.559206023271732,0.0,8,15.2,4.0,4.0,1.0,inf,0.2542094455852155,0.0,11.21959753593429
Wang Xuesong,2019-12-02 18:14:18+00:00,2019-12-02 18:14:18+00:00,1,1,2,2,5.848049281314168,0.0,4,10.2,2.0,2.0,1.0,inf,0.425325119780972,0.0,7.790747433264886
Werner Fouché,2023-10-10 10:58:57+00:00,2024-01-25 17:31:06+00:00,6,6,8,7,1.9931553730321698,0.2929500342231348,15,50.7,1.3333333333333333,1.1666666666666667,1.0,20.481308411214954,0.8401095140314853,0.14697802197802196,42.99680071135231
Wesley Hall,2013-02-21 14:05:29+00:00,2013-02-21 14:05:29+00:00,1,2,44,1,12.624229979466119,0.0,45,93.9,44.0,1.0,2.0,inf,0.0,0.0,65.73
Wilder Pereira,2017-10-06 01:43:37+00:00,2017-10-06 01:43:37+00:00,1,1,1,0,8.005475701574264,0.0,1,7.2,1.0,0.0,1.0,inf,0.2095824777549623,0.0,5.266349075975359
WonYong Hwang,2025-06-18 11:00:44+00:00,2025-06-18 11:00:44+00:00,1,1,6,0,0.30390143737166325,0.0,6,17.2,6.0,0.0,1.0,inf,0.9797399041752225,0.0,14.567728952772072
Xavier Downs,2017-09-19 23:24:06+00:00,2017-09-19 23:24:06+00:00,1,1,1,1,8.049281314168377,0.0,2,7.7,1.0,1.0,1.0,inf,0.20520191649555097,0.0,5.627008213552361
Xednar,2024-02-14 18:11:14+00:00,2024-02-14 18:11:14+00:00,1,1,2,2,1.6454483230663928,0.0,4,10.2,2.0,2.0,1.0,inf,0.8455852156057495,0.0,8.433745379876795
XenoAmess,2020-07-21 11:35:22+00:00,2020-07-22 08:54:32+00:00,11,72,95,97,5.212867898699521,0.0,192,307.9,8.636363636363637,8.818181818181818,6.545454545454546,inf,0.48884325804243667,0.0,238.1072258726899
Xiaolong Zuo,2014-12-13 19:25:40+00:00,2014-12-13 19:25:40+00:00,1,1,2,2,10.817248459958932,0.0,4,10.2,2.0,2.0,1.0,inf,0.0,0.0,7.139999999999999
Xiu Hong Kooi,2023-06-20 04:52:48+00:00,2023-06-20 04:52:48+00:00,1,1,3,2,2.302532511978097,0.0,5,12.2,3.0,2.0,1.0,inf,0.779876796714579,0.0,9.967174537987677
Xjzon,2021-10-27 16:11:59+00:00,2021-10-27 16:11:59+00:00,1,1,8,1,3.9452429842573578,0.0,9,21.7,8.0,1.0,1.0,inf,0.6156057494866529,0.0,17.193796714579054
Yaklede,2023-12-16 04:43:34+00:00,2023-12-16 04:43:34+00:00,1,4,4,4,1.8124572210814511,0.0,8,15.8,4.0,4.0,4.0,inf,0.8288843258042436,0.0,13.024455852156057
Yanming Zhou,2016-03-11 04:38:02+00:00,2025-06-13 07:17:14+00:00,85,1280,4698,3922,9.57700205338809,9.256673511293634,8620,12038.0,55.27058823529412,46.141176470588235,15.058823529411764,9.182564330079858,0.9780971937029432,0.9665523156089193,11938.05361896443
Yannik Hampe,2018-03-07 12:07:32+00:00,2018-03-07 12:07:32+00:00,1,1,1,2,7.586584531143052,0.0,3,8.2,1.0,2.0,1.0,inf,0.25147159479808345,0.0,6.049310061601642
Yi EungJun,2017-09-07 09:37:31+00:00,2017-09-07 09:37:31+00:00,1,1,2,2,8.082135523613964,0.0,4,10.2,2.0,2.0,1.0,inf,0.20164271047227922,0.0,7.448513347022586
Yin-Jui,2021-05-27 08:38:49+00:00,2021-05-27 08:38:49+00:00,1,1,55,0,4.3641341546885695,0.0,55,115.2,55.0,0.0,1.0,inf,0.5734428473648185,0.0,90.54909240246407
Yoann Rodière,2019-02-05 14:39:46+00:00,2019-02-05 14:39:46+00:00,2,16,1033,10,6.669404517453799,0.0,1043,2084.2,516.5,5.0,8.0,inf,0.34318959616700895,0.0,1566.2313634496918
Yoo In Keun,2020-03-02 15:25:28+00:00,2020-05-31 15:51:06+00:00,3,3,14,18,5.598904859685147,0.2464065708418891,32,52.6,4.666666666666667,6.0,1.0,12.175,0.474880219028063,0.04400977995110024,40.914042091945596
York Lee,2020-08-14 01:56:58+00:00,2020-08-14 01:56:58+00:00,1,1,1,1,5.149897330595483,0.0,2,7.7,1.0,1.0,1.0,inf,0.4951403148528406,0.0,5.9618870636550305
YuDongYing,2019-11-05 08:44:23+00:00,2019-11-05 08:44:23+00:00,1,1,2,2,5.921971252566735,0.0,4,10.2,2.0,2.0,1.0,inf,0.417659137577002,0.0,7.779018480492812
Yun,2018-06-03 17:43:40+00:00,2018-06-03 17:43:40+00:00,1,1,1,1,7.345653661875428,0.0,2,7.7,1.0,1.0,1.0,inf,0.27556468172484594,0.0,5.7082772073921975
Yusuke Yamamoto,2021-01-28 02:48:22+00:00,2021-01-28 02:48:22+00:00,1,2,24,1,4.692676249144422,0.0,25,53.9,24.0,1.0,2.0,inf,0.5408624229979466,0.0,42.102872689938394
ZLATAN628,2024-11-11 05:49:43+00:00,2024-11-11 05:49:43+00:00,1,2,2,2,0.9034907597535934,0.0,4,10.4,2.0,2.0,2.0,inf,0.9195071868583162,0.0,8.714431211498974
Zakaria Shahen,2023-09-09 19:29:53+00:00,2023-09-09 19:29:53+00:00,1,1,1,1,2.078028747433265,0.0,2,7.7,1.0,1.0,1.0,inf,0.8023271731690622,0.0,6.316687885010267
ZeroCyan,2024-03-10 15:33:38+00:00,2024-03-10 15:50:00+00:00,2,2,4,3,1.5770020533880904,0.0,7,19.9,2.0,1.5,1.0,inf,0.8524298425735797,0.0,16.474503080082133
ZhangT,2020-02-17 16:33:39+00:00,2020-02-26 11:29:09+00:00,2,13,15,42,5.637234770704997,0.02190280629705681,57,63.6,7.5,21.0,6.5,91.3125,0.448870636550308,0.003885381253035454,48.83929240984389
a.yazychyan,2021-12-16 22:27:02+00:00,2022-02-07 17:51:32+00:00,2,41,295,504,3.808350444900753,0.14236824093086928,799,860.2,147.5,252.0,20.5,14.048076923076922,0.6438056125941136,0.03738317757009346,690.0337895948876
achhibi,2023-12-14 19:29:09+00:00,2023-12-14 19:29:09+00:00,1,1,2,4,1.8151950718685832,0.0,6,11.2,2.0,4.0,1.0,inf,0.8286105407255304,0.0,9.23206570841889
adamlehenbauer,2018-01-31 20:06:43+00:00,2018-01-31 20:06:43+00:00,1,1,5,5,7.682409308692677,0.0,10,17.7,5.0,5.0,1.0,inf,0.24188911704312122,0.0,13.032215605749487
addoDev,2025-05-13 10:34:53+00:00,2025-05-13 10:34:53+00:00,1,1,37,1,0.4024640657084189,0.0,38,79.7,37.0,1.0,1.0,inf,0.9698836413415469,0.0,67.38495893223819
akarnokd,2017-04-06 13:13:35+00:00,2017-04-06 13:13:35+00:00,1,1,62,53,8.503764544832306,0.0,115,155.7,62.0,53.0,1.0,inf,0.15975359342915818,0.0,112.72104517453796
alexscari,2020-12-10 16:32:58+00:00,2020-12-10 16:32:58+00:00,1,1,1,1,4.824093086926762,0.0,2,7.7,1.0,1.0,1.0,inf,0.5277207392197125,0.0,5.999517453798767
alfredo-toledano,2024-08-22 05:42:18+00:00,2024-08-22 05:42:18+00:00,1,1,1,1,1.1252566735112937,0.0,2,7.7,1.0,1.0,1.0,inf,0.8973305954825462,0.0,6.426416837782341
ali dandach,2023-08-03 21:22:53+00:00,2024-04-09 22:29:21+00:00,5,10,11,23,2.1793292265571527,0.6844626967830253,34,60.5,2.2,4.6,2.0,7.305000000000001,0.8606433949349761,0.31407035175879394,53.01052725124595
ameinema,2024-01-19 14:24:11+00:00,2024-01-19 14:24:11+00:00,1,1,35,1,1.7166324435318274,0.0,36,75.7,35.0,1.0,1.0,inf,0.838466803559206,0.0,62.51079055441478
andrm,2018-01-20 10:23:28+00:00,2018-01-20 10:23:28+00:00,1,1,1,1,7.712525667351129,0.0,2,7.7,1.0,1.0,1.0,inf,0.2388774811772758,0.0,5.665903490759754
anil.senocak,2024-02-07 20:09:24+00:00,2024-02-07 20:09:24+00:00,1,1,1,1,1.6646132785763177,0.0,2,7.7,1.0,1.0,1.0,inf,0.843668720054757,0.0,6.364437371663244
anton0xf,2018-09-18 15:09:58+00:00,2018-09-18 15:09:58+00:00,1,1,1,1,7.052703627652293,0.0,2,7.7,1.0,1.0,1.0,inf,0.30485968514715944,0.0,5.742112936344968
anton_bondarenko,2017-11-08 22:25:38+00:00,2017-11-08 22:25:38+00:00,1,2,65,1,7.912388774811773,0.0,66,135.9,65.0,1.0,2.0,inf,0.21889117043121153,0.0,99.59209650924025
areshetnikov,2017-09-18 11:55:04+00:00,2017-09-18 11:55:04+00:00,1,1,2,2,8.05201916495551,0.0,4,10.2,2.0,2.0,1.0,inf,0.20492813141683786,0.0,7.453540041067761
arman simonyan,2019-03-20 19:41:10+00:00,2019-03-29 21:10:13+00:00,3,4,16,17,6.551676933607118,0.024640657084188913,33,56.3,5.333333333333333,5.666666666666667,1.3333333333333333,121.75,0.35742642026009586,0.003760969494358546,42.46022750647636
armansimonyan13,2019-03-21 18:32:10+00:00,2019-03-21 18:32:10+00:00,1,1,1,1,6.548939082819986,0.0,2,7.7,1.0,1.0,1.0,inf,0.35523613963039014,0.0,5.800297741273101
arturgspb,2017-03-27 08:46:55+00:00,2017-03-27 08:46:55+00:00,1,2,22,2,8.531143052703628,0.0,24,50.4,22.0,2.0,2.0,inf,0.15674195756331277,0.0,36.46496919917864
arvyy,2022-07-25 10:19:49+00:00,2022-07-25 10:19:49+00:00,1,1,1,1,3.2032854209445585,0.0,2,7.7,1.0,1.0,1.0,inf,0.689801505817933,0.0,6.186720739219712
ascopes,2021-02-05 13:10:55+00:00,2021-02-05 13:10:55+00:00,1,1,5,5,4.6680355920602326,0.0,10,17.7,5.0,5.0,1.0,inf,0.5433264887063655,0.0,13.832531827515398
asgh,2021-11-11 01:12:21+00:00,2021-11-11 01:12:21+00:00,1,1,1,2,3.9069130732375084,0.0,3,8.2,1.0,2.0,1.0,inf,0.6194387405886379,0.0,6.501909650924024
asympro,2018-05-25 13:33:41+00:00,2018-05-25 13:33:41+00:00,1,5,137,20,7.370294318959616,0.0,157,290.0,137.0,20.0,5.0,inf,0.2731006160164271,0.0,214.87987679671457
awgtek,2016-03-11 16:35:31+00:00,2016-03-11 16:35:31+00:00,1,1,2,0,9.574264202600958,0.0,2,9.2,2.0,0.0,1.0,inf,0.05270362765229297,0.0,6.5127310061601635
azzureman,2022-03-16 08:41:33+00:00,2022-03-16 08:41:33+00:00,1,4,73,7,3.561943874058864,0.0,80,155.3,73.0,7.0,4.0,inf,0.6536618754277892,0.0,123.93705338809035
bedrin,2016-12-07 22:29:48+00:00,2016-12-07 22:29:48+00:00,1,3,34,6,8.83230663928816,0.0,40,76.6,34.0,6.0,3.0,inf,0.1268993839835728,0.0,55.078073921971246
ben-enfuse-io,2022-04-18 17:17:13+00:00,2022-04-18 17:17:13+00:00,1,2,5,5,3.4715947980835042,0.0,10,17.9,5.0,5.0,2.0,inf,0.6629705681040383,0.0,14.310075975359341
benoit,2017-11-07 17:07:42+00:00,2017-11-07 17:07:42+00:00,1,1,10,7,7.915126625598905,0.0,17,28.7,10.0,7.0,1.0,inf,0.2186173853524983,0.0,21.031147843942502
binchoo,2022-04-27 03:49:05+00:00,2022-04-27 03:49:05+00:00,1,3,112,5,3.4496919917864477,0.0,117,232.1,112.0,5.0,3.0,inf,0.665160848733744,0.0,185.62757494866528
blake_bauman,2025-04-21 20:03:29+00:00,2025-04-21 20:03:29+00:00,1,1,20,2,0.46269678302532513,0.0,22,46.2,20.0,2.0,1.0,inf,0.9638603696098562,0.0,39.0195523613963
bnbakp0582,2023-07-08 14:02:38+00:00,2023-07-08 14:02:38+00:00,1,1,4,4,2.2505133470225873,0.0,8,15.2,4.0,4.0,1.0,inf,0.78507871321013,0.0,12.429979466119095
bohub12,2023-12-14 13:05:27+00:00,2023-12-14 13:05:27+00:00,1,1,1,1,1.8151950718685832,0.0,2,7.7,1.0,1.0,1.0,inf,0.8286105407255304,0.0,6.347045174537987
boiarshinov,2024-10-31 10:44:39+00:00,2024-10-31 10:44:39+00:00,1,2,12,1,0.9336071184120466,0.0,13,29.9,12.0,1.0,2.0,inf,0.9167693360711842,0.0,25.041710472279256
cac03,2018-09-25 16:30:43+00:00,2018-09-26 18:17:07+00:00,2,3,24,23,7.0335386721423685,0.0027378507871321013,47,70.1,12.0,11.5,1.5,730.5,0.30704996577686516,0.00038925652004671076,52.30272342245202
canattofilipe,2025-02-10 21:24:19+00:00,2025-02-10 21:24:19+00:00,1,1,1,1,0.6543463381245722,0.0,2,7.7,1.0,1.0,1.0,inf,0.9446954140999315,0.0,6.481123203285421
cbaldwin74,2014-03-06 09:38:38+00:00,2014-03-06 09:38:38+00:00,1,10,742,498,11.589322381930184,0.0,1240,1740.0,742.0,498.0,10.0,inf,0.0,0.0,1218.0
cboy,2024-02-22 14:21:33+00:00,2024-02-22 14:21:33+00:00,1,8,8,8,1.623545516769336,0.0,16,26.6,8.0,8.0,8.0,inf,0.8477754962354551,0.0,22.002624229979467
cfredri4,2024-06-24 12:10:37+00:00,2024-06-24 12:10:37+00:00,1,2,41,29,1.2867898699520877,0.0,70,101.9,41.0,29.0,2.0,inf,0.8814510609171801,0.0,84.8029794661191
chaewon121,2023-09-27 02:16:26+00:00,2023-09-27 02:16:26+00:00,1,1,2,5,2.0314852840520192,0.0,7,11.7,2.0,5.0,1.0,inf,0.8069815195071869,0.0,9.606252566735112
chendayu,2018-12-08 12:38:22+00:00,2018-12-08 12:38:22+00:00,1,1,1,1,6.830937713894593,0.0,2,7.7,1.0,1.0,1.0,inf,0.32703627652292944,0.0,5.767726899383983
chenggwang,2025-07-08 16:24:38+00:00,2025-07-08 16:24:38+00:00,1,4,8,8,0.24914442162902123,0.0,16,25.8,8.0,8.0,4.0,inf,0.9852156057494866,0.0,21.872784394250512
chenqimiao,2019-05-10 08:00:46+00:00,2019-05-10 08:00:46+00:00,1,1,1,1,6.412046543463381,0.0,2,7.7,1.0,1.0,1.0,inf,0.36865160848733747,0.0,5.815792607802875
chenrl,2021-03-21 08:46:15+00:00,2021-03-21 08:46:15+00:00,1,2,17,2,4.547570157426421,0.0,19,40.4,17.0,2.0,2.0,inf,0.5550992470910335,0.0,31.643901437371657
christophejan,2022-06-05 15:46:27+00:00,2023-08-30 08:52:55+00:00,3,14,495,85,3.3401779603011637,1.2320328542094456,580,1050.3,165.0,28.333333333333332,4.666666666666667,2.435,0.799315537303217,0.36885245901639346,919.249026980173
chrunchyjesus,2019-05-23 18:20:25+00:00,2019-05-23 18:20:25+00:00,1,2,20,1,6.376454483230664,0.0,21,45.9,20.0,1.0,2.0,inf,0.37248459958932245,0.0,34.69455646817248
clemp6r,2013-08-14 14:34:07+00:00,2013-08-14 14:34:07+00:00,1,1,1,1,12.147843942505133,0.0,2,7.7,1.0,1.0,1.0,inf,0.0,0.0,5.39
corby kim,2024-03-05 02:11:24+00:00,2024-03-05 02:11:24+00:00,1,1,13,0,1.593429158110883,0.0,13,31.2,13.0,0.0,1.0,inf,0.8507871321013005,0.0,25.821683778234085
cwatzl,2023-06-06 09:09:19+00:00,2023-06-06 09:09:19+00:00,1,1,2,0,2.3381245722108144,0.0,2,9.2,2.0,0.0,1.0,inf,0.7760438056125941,0.0,7.510940451745379
d4ksn,2021-11-16 14:01:28+00:00,2021-11-16 14:01:28+00:00,1,2,7,7,3.890485968514716,0.0,14,22.9,7.0,7.0,2.0,inf,0.6210814510609172,0.0,18.16341478439425
daisuzz,2021-01-24 13:38:33+00:00,2021-01-24 13:38:33+00:00,1,1,1,1,4.700889801505818,0.0,2,7.7,1.0,1.0,1.0,inf,0.540041067761807,0.0,6.0137474332648875
danthonywalker,2022-03-15 15:59:40+00:00,2022-03-15 15:59:40+00:00,1,2,6,2,3.564681724845996,0.0,8,18.4,6.0,2.0,2.0,inf,0.6536618754277892,0.0,14.684106776180696
danu,2023-02-03 16:33:55+00:00,2023-02-03 16:33:55+00:00,1,2,50,4,2.674880219028063,0.0,54,107.4,50.0,4.0,2.0,inf,0.7426420260095825,0.0,87.14396303901438
denisgalaybo,2019-11-08 14:36:37+00:00,2019-11-17 12:50:50+00:00,2,6,9,9,5.9137577002053385,0.02190280629705681,18,33.7,4.5,4.5,3.0,91.3125,0.42121834360027377,0.003703703703703704,25.737980949121606
dev-chpark,2024-08-18 06:15:13+00:00,2024-08-18 06:15:13+00:00,1,1,1,1,1.136208076659822,0.0,2,7.7,1.0,1.0,1.0,inf,0.8962354551676933,0.0,6.425151950718686
devorio,2021-06-30 16:52:52+00:00,2021-06-30 16:52:52+00:00,1,1,1,1,4.271047227926078,0.0,2,7.7,1.0,1.0,1.0,inf,0.583025325119781,0.0,6.063394250513347
diesieben07,2017-10-26 13:09:32+00:00,2017-10-26 13:09:32+00:00,1,2,17,2,7.94798083504449,0.0,19,40.4,17.0,2.0,2.0,inf,0.21533196440793978,0.0,29.58491170431211
diguage,2017-06-03 07:19:36+00:00,2023-02-23 14:25:32+00:00,22,206,1404,2156,8.344969199178644,5.724845995893224,3560,4037.2,63.81818181818182,98.0,9.363636363636363,3.8428981348637015,0.7481177275838466,0.6860236220472442,3694.5273185095957
divcon,2022-10-14 03:57:30+00:00,2023-04-16 01:41:32+00:00,9,94,363,420,2.9842573579739904,0.5010266940451745,783,999.8,40.333333333333336,46.666666666666664,10.444444444444445,17.96311475409836,0.7620807665982204,0.16788990825688074,839.3277021080194
dlsrb6342,2020-05-28 10:15:25+00:00,2020-05-28 10:15:25+00:00,1,2,21,5,5.360711841204655,0.0,26,49.9,21.0,5.0,2.0,inf,0.4740588637919234,0.0,38.47833059548254
dmrachkovskyi,2018-10-04 16:24:16+00:00,2018-10-04 16:24:16+00:00,1,1,4,7,7.008898015058179,0.0,11,16.7,4.0,7.0,1.0,inf,0.3092402464065709,0.0,12.46464681724846
dogglezz,2023-12-02 12:09:16+00:00,2023-12-15 07:45:23+00:00,2,5,2,5,1.8480492813141685,0.03285420944558522,7,17.5,1.0,2.5,2.5,60.875,0.8286105407255304,0.017777777777777778,14.471769336071183
donghui,2024-04-24 14:20:25+00:00,2024-04-24 14:20:25+00:00,1,2,25,3,1.4537987679671458,0.0,28,56.9,25.0,3.0,2.0,inf,0.8647501711156742,0.0,47.21064271047228
douddle,2019-09-12 14:52:59+00:00,2019-09-12 14:52:59+00:00,1,1,2,0,6.069815195071868,0.0,2,9.2,2.0,0.0,1.0,inf,0.4031485284052019,0.0,6.9963449691991775
dramatist,2021-11-19 06:29:56+00:00,2021-11-19 06:29:56+00:00,1,8,13,20,3.8822724161533197,0.0,33,42.6,13.0,20.0,8.0,inf,0.6216290212183436,0.0,33.792209445585215
drgnchan,2021-03-15 10:47:17+00:00,2021-03-15 10:47:17+00:00,1,1,1,1,4.563997262149213,0.0,2,7.7,1.0,1.0,1.0,inf,0.5537303216974675,0.0,6.029558521560575
duan847,2021-06-14 16:49:55+00:00,2021-06-14 16:49:55+00:00,1,1,1,1,4.314852840520191,0.0,2,7.7,1.0,1.0,1.0,inf,0.5786447638603696,0.0,6.058334702258727
dugenkui03,2022-03-17 15:25:56+00:00,2022-03-17 15:25:56+00:00,1,1,2,3,3.5592060232717317,0.0,5,10.7,2.0,3.0,1.0,inf,0.6542094455852157,0.0,8.540006160164271
dujiabao,2025-05-24 15:51:47+00:00,2025-05-24 15:51:47+00:00,1,1,1,1,0.3723477070499658,0.0,2,7.7,1.0,1.0,1.0,inf,0.9728952772073922,0.0,6.513694045174538
dzou,2019-01-03 20:25:12+00:00,2019-01-03 20:25:12+00:00,1,1,1,0,6.759753593429158,0.0,1,7.2,1.0,0.0,1.0,inf,0.33415468856947295,0.0,5.400887063655031
eXsio,2020-06-16 06:40:59+00:00,2020-06-16 06:40:59+00:00,1,3,52,5,5.308692676249144,0.0,57,112.1,52.0,5.0,3.0,inf,0.4789869952087611,0.0,86.52416632443531
earlgrey02,2024-05-05 17:47:38+00:00,2024-05-05 17:47:38+00:00,1,1,24,24,1.4236824093086926,0.0,48,65.2,24.0,24.0,1.0,inf,0.8677618069815195,0.0,54.126710472279264
eujung kim,2014-08-18 08:03:03+00:00,2014-08-18 08:03:03+00:00,1,1,1,1,11.137577002053389,0.0,2,7.7,1.0,1.0,1.0,inf,0.0,0.0,5.39
evan-mc,2024-05-11 04:45:06+00:00,2024-05-11 04:45:06+00:00,1,1,1,1,1.4099931553730323,0.0,2,7.7,1.0,1.0,1.0,inf,0.8691307323750855,0.0,6.393845995893223
evgenijnikiforov,2024-10-15 09:27:35+00:00,2024-10-15 09:27:35+00:00,1,2,30,0,0.9774127310061602,0.0,30,65.4,30.0,0.0,2.0,inf,0.9121149897330596,0.0,54.72784804928131
evgeny.bovykin,2022-05-08 17:08:49+00:00,2022-05-09 19:39:05+00:00,3,9,15,15,3.4168377823408624,0.0027378507871321013,30,54.3,5.0,5.0,3.0,1095.75,0.6687200547570158,0.0008012820512820513,43.46325128830358
fengyuanwei,2020-11-12 04:23:24+00:00,2021-02-20 07:58:03+00:00,5,5,46,29,4.903490759753593,0.2737850787132101,75,132.5,9.2,5.8,1.0,18.2625,0.5471594798083504,0.05583472920156338,104.73450990407203
figueroaRicardo,2018-09-07 15:42:33+00:00,2018-09-07 15:42:33+00:00,1,1,4,4,7.082819986310746,0.0,8,15.2,4.0,4.0,1.0,inf,0.30184804928131415,0.0,11.328213552361394
fisache,2016-06-06 10:48:09+00:00,2016-07-15 18:37:45+00:00,4,11,20,19,9.336071184120465,0.10677618069815195,39,71.7,5.0,4.75,2.75,37.46153846153846,0.08720054757015738,0.011436950146627567,51.25084628794402
floriankirmaier,2022-07-18 14:34:32+00:00,2022-07-18 14:34:32+00:00,1,1,7,1,3.2224503764544834,0.0,8,19.7,7.0,1.0,1.0,inf,0.6878850102669405,0.0,15.822700205338808
fml2,2023-01-10 07:24:10+00:00,2023-01-10 07:24:10+00:00,1,1,13,1,2.7405886379192332,0.0,14,31.7,13.0,1.0,1.0,inf,0.7357973990417522,0.0,25.68871663244353
freeman0432,2017-06-17 06:11:45+00:00,2017-06-17 06:11:45+00:00,1,1,1,0,8.306639288158795,0.0,1,7.2,1.0,0.0,1.0,inf,0.1791923340177961,0.0,5.23352772073922
gaerfield,2021-02-03 21:04:55+00:00,2021-02-03 21:04:55+00:00,1,2,32,2,4.673511293634497,0.0,34,70.4,32.0,2.0,2.0,inf,0.5427789185489391,0.0,55.0117453798768
galingerv,2023-05-25 08:15:47+00:00,2023-05-25 08:15:47+00:00,1,1,1,1,2.3709787816563996,0.0,2,7.7,1.0,1.0,1.0,inf,0.7727583846680356,0.0,6.28253593429158
ghainesii,2023-09-14 17:08:50+00:00,2023-09-14 17:08:50+00:00,1,1,1,1,2.0643394934976045,0.0,2,7.7,1.0,1.0,1.0,inf,0.8036960985626284,0.0,6.318268993839835
ghostg00,2023-03-24 06:34:23+00:00,2023-03-24 06:34:23+00:00,1,1,2,2,2.54072553045859,0.0,4,10.2,2.0,2.0,1.0,inf,0.7557837097878166,0.0,8.296349075975357
giampaolo,2025-04-05 12:19:06+00:00,2025-04-05 12:19:06+00:00,1,2,136,2,0.5065023956194388,0.0,138,278.4,136.0,2.0,2.0,inf,0.9594798083504449,0.0,234.94787679671455
giovannidalloglio,2012-05-21 22:23:01+00:00,2012-05-21 22:23:01+00:00,1,18,569,160,13.379876796714578,0.0,729,1226.6,569.0,160.0,18.0,inf,0.0,0.0,858.6199999999999
github-actions[bot],2024-06-17 10:06:47+00:00,2024-10-16 10:06:48+00:00,2,2,2,2,1.3059548254620124,0.33127994524298426,4,15.4,1.0,1.0,1.0,6.037190082644628,0.912662559890486,0.25366876310272535,13.474225356114317
graceyu,2023-08-01 08:00:00+00:00,2023-08-01 08:00:00+00:00,1,1,21,0,2.184804928131417,0.0,21,47.2,21.0,0.0,1.0,inf,0.7913757700205339,0.0,38.64294045174538
greg.lee,2023-05-16 14:51:36+00:00,2023-05-16 14:51:36+00:00,2,4,58,0,2.3956194387405887,0.0,58,126.8,29.0,0.0,2.0,inf,0.7705681040383299,0.0,103.41620533880904
gregw,2024-01-15 08:05:09+00:00,2024-01-15 08:05:09+00:00,1,33,1692,517,1.727583846680356,0.0,2209,3654.1,1692.0,517.0,33.0,inf,0.83709787816564,0.0,3016.6959034907595
hantsy,2021-08-28 03:20:12+00:00,2021-08-28 03:20:12+00:00,1,4,77,0,4.112251882272417,0.0,77,159.8,77.0,0.0,4.0,inf,0.5989048596851472,0.0,126.21574948665297
happyWilliam0,2021-10-29 06:14:05+00:00,2021-10-29 06:14:05+00:00,1,2,16,9,3.9397672826830936,0.0,25,41.9,16.0,9.0,2.0,inf,0.6158795345653661,0.0,33.200802874743324
hasheniuk,2018-04-23 22:23:29+00:00,2018-04-23 22:23:29+00:00,1,1,2,2,7.457905544147844,0.0,4,10.2,2.0,2.0,1.0,inf,0.26433949349760444,0.0,7.544439425051333
hebo,2022-05-31 23:46:09+00:00,2022-05-31 23:46:09+00:00,1,2,18,4,3.353867214236824,0.0,22,43.4,18.0,4.0,2.0,inf,0.6747433264887064,0.0,34.772579055441476
hengyunabc,2014-06-13 10:36:50+00:00,2017-02-14 09:23:43+00:00,2,2,7,9,11.318275154004107,2.6721423682409307,16,28.9,3.5,4.5,1.0,0.7484631147540984,0.14551676933607127,0.2360909530720851,21.884269476639357
heowc,2022-01-22 06:22:47+00:00,2022-01-22 06:22:47+00:00,1,3,21,19,3.707049965776865,0.0,40,57.1,21.0,19.0,3.0,inf,0.6391512662559891,0.0,45.44433059548255
heqiang,2021-02-08 12:45:40+00:00,2023-03-27 16:27:29+00:00,5,8,20,23,4.659822039698836,2.127310061601643,43,78.1,4.0,4.6,1.6,2.3503861003861,0.7568788501026694,0.4565217391304348,68.8849879028658
hgh1472,2025-04-23 15:27:54+00:00,2025-04-23 15:27:54+00:00,1,1,0,34,0.45722108145106094,0.0,34,22.2,0.0,34.0,1.0,inf,0.9644079397672827,0.0,18.75147843942505
hlmg,2024-06-09 13:38:39+00:00,2024-06-09 13:38:39+00:00,1,1,1,1,1.3278576317590691,0.0,2,7.7,1.0,1.0,1.0,inf,0.8773442847364818,0.0,6.403332648870636
holub,2015-12-28 19:48:24+00:00,2015-12-28 19:48:24+00:00,1,1,1,1,9.776865160848734,0.0,2,7.7,1.0,1.0,1.0,inf,0.03244353182751536,0.0,5.42747227926078
hongxue.zou,2023-03-29 10:25:49+00:00,2023-03-29 10:25:49+00:00,1,5,20,22,2.5270362765229293,0.0,42,57.0,20.0,22.0,5.0,inf,0.7574264202600958,0.0,46.375995893223816
hsteinmueller,2022-05-24 11:04:19+00:00,2022-05-24 11:04:19+00:00,1,1,2,2,3.373032169746749,0.0,4,10.2,2.0,2.0,1.0,inf,0.6728268309377139,0.0,8.1694250513347
hunjipo,2021-05-27 05:17:28+00:00,2021-05-27 05:17:28+00:00,1,1,2,2,4.3641341546885695,0.0,4,10.2,2.0,2.0,1.0,inf,0.5734428473648185,0.0,8.017367556468171
hupfis,2014-01-24 08:26:09+00:00,2014-01-24 08:26:09+00:00,1,1,2,2,11.7015742642026,0.0,4,10.2,2.0,2.0,1.0,inf,0.0,0.0,7.139999999999999
hyeonisism,2020-01-14 16:20:38+00:00,2020-01-15 13:01:38+00:00,2,2,17,6,5.730321697467488,0.0,23,47.4,8.5,3.0,1.0,inf,0.43737166324435317,0.0,36.28971252566735
hyunmin0317,2024-08-20 13:44:24+00:00,2024-08-20 13:44:24+00:00,1,6,18,57,1.1307323750855578,0.0,75,70.7,18.0,57.0,6.0,inf,0.897056810403833,0.0,59.003287474332645
hzmpay,2020-11-03 06:02:44+00:00,2020-11-04 07:00:11+00:00,2,3,5,17,4.9253935660506505,0.0027378507871321013,22,29.1,2.5,8.5,1.5,730.5,0.5175906913073238,0.0005558643690939411,22.631709715527563
i321222,2019-09-12 17:01:02+00:00,2019-09-12 17:01:02+00:00,1,2,24,1,6.069815195071868,0.0,25,53.9,24.0,1.0,2.0,inf,0.4031485284052019,0.0,40.98945585215605
igor-suhorukov,2018-02-08 21:07:43+00:00,2018-12-13 23:03:33+00:00,39,343,824,1079,7.660506502395619,0.8432580424366872,1903,2451.1,21.128205128205128,27.666666666666668,8.794871794871796,46.24918831168831,0.3284052019164956,0.11007862759113653,1876.9851571759234
ijonathanc,2021-06-21 10:38:08+00:00,2021-06-21 10:38:08+00:00,1,2,50,1,4.295687885010267,0.0,51,105.9,50.0,1.0,2.0,inf,0.580561259411362,0.0,83.35221560574949
inaba jun,2022-09-25 16:09:18+00:00,2022-09-25 16:09:18+00:00,1,1,1,1,3.033538672142368,0.0,2,7.7,1.0,1.0,1.0,inf,0.706776180698152,0.0,6.206326488706366
injae-kim,2024-01-07 15:45:54+00:00,2024-01-10 17:20:12+00:00,2,8,638,12,1.7494866529774127,0.008213552361396304,650,1293.6,319.0,6.0,4.0,243.5,0.8360027378507872,0.004694835680751174,1068.6489571680595
izeye,2015-04-02 05:58:47+00:00,2022-05-15 23:40:53+00:00,33,54,110,107,10.516084873374401,7.1184120465434635,217,449.3,3.3333333333333335,3.242424242424242,1.6363636363636365,4.635865384615385,0.6703627652292949,0.6769070554543087,405.3092495649714
j3graham,2022-05-09 22:46:54+00:00,2022-05-09 22:46:54+00:00,1,2,26,19,3.4140999315537304,0.0,45,66.9,26.0,19.0,2.0,inf,0.6687200547570158,0.0,53.54060574948665
jacopo-salamina,2020-10-20 10:19:45+00:00,2020-10-20 10:19:45+00:00,1,1,1,1,4.963723477070499,0.0,2,7.7,1.0,1.0,1.0,inf,0.5137577002053388,0.0,5.983390143737166
james,2015-05-15 20:34:59+00:00,2015-05-15 20:34:59+00:00,1,2,33,3,10.39835728952772,0.0,36,72.9,33.0,3.0,2.0,inf,0.0,0.0,51.03
janghs,2024-04-16 08:49:59+00:00,2024-04-16 08:49:59+00:00,1,1,1,1,1.4757015742642026,0.0,2,7.7,1.0,1.0,1.0,inf,0.8622861054072553,0.0,6.3859404517453795
jasdeepgill,2019-11-25 04:35:19+00:00,2019-11-25 04:35:19+00:00,1,1,4,3,5.8699520876112254,0.0,7,14.7,4.0,3.0,1.0,inf,0.42313483915126626,0.0,11.223012320328541
jason,2022-07-02 14:20:39+00:00,2022-07-02 14:20:39+00:00,1,1,5,1,3.266255989048597,0.0,6,15.7,5.0,1.0,1.0,inf,0.683504449007529,0.0,12.59965297741273
jbotuck,2021-05-28 03:03:28+00:00,2022-08-25 18:21:01+00:00,2,2,2,2,4.3641341546885695,1.242984257357974,4,15.4,1.0,1.0,1.0,1.6090308370044053,0.6982888432580424,0.28481806775407775,13.050976964437996
jee14,2024-01-30 07:32:41+00:00,2024-01-30 07:32:41+00:00,1,1,1,1,1.6865160848733745,0.0,2,7.7,1.0,1.0,1.0,inf,0.8412046543463381,0.0,6.36159137577002
jerzykrlk,2018-07-02 17:43:10+00:00,2018-08-20 19:15:02+00:00,3,20,1554,76,7.266255989048597,0.13415468856947296,1630,3165.0,518.0,25.333333333333332,6.666666666666667,22.362244897959183,0.29691991786447636,0.01846269781461944,2365.2278967936504
jianglei,2017-11-20 11:27:24+00:00,2017-11-20 11:27:24+00:00,1,1,3,3,7.879534565366187,0.0,6,12.7,3.0,3.0,1.0,inf,0.22217659137577006,0.0,9.313246406570842
jiangying,2022-11-22 12:38:57+00:00,2022-11-22 12:38:57+00:00,1,1,1,1,2.8747433264887063,0.0,2,7.7,1.0,1.0,1.0,inf,0.7226557152635181,0.0,6.224667351129363
jmaxwell,2017-11-03 19:49:32+00:00,2017-11-03 19:49:32+00:00,1,1,13,4,7.926078028747433,0.0,17,33.2,13.0,4.0,1.0,inf,0.2175222450376454,0.0,24.323260780287473
johannesrost,2023-11-23 08:27:02+00:00,2023-11-23 08:27:02+00:00,1,1,7,7,1.8726899383983573,0.0,14,22.7,7.0,7.0,1.0,inf,0.8225872689938398,0.0,18.690909650924024
jongwooo,2023-04-19 17:28:50+00:00,2023-04-19 17:28:50+00:00,1,1,1,1,2.4695414099931554,0.0,2,7.7,1.0,1.0,1.0,inf,0.7631759069130732,0.0,6.2714681724845995
joshua-qa,2021-08-11 13:12:50+00:00,2021-08-11 13:12:50+00:00,1,1,1,1,4.15605749486653,0.0,2,7.7,1.0,1.0,1.0,inf,0.5945242984257357,0.0,6.076675564681725
juhyun,2023-12-09 14:23:54+00:00,2024-01-03 13:11:48+00:00,2,2,1,6,1.8288843258042438,0.06570841889117043,7,15.4,0.5,3.0,1.0,30.4375,0.8340862422997947,0.03592814371257485,12.789733231688574
julianladisch,2016-04-04 08:30:22+00:00,2016-04-04 08:30:22+00:00,1,1,1,1,9.508555783709788,0.0,2,7.7,1.0,1.0,1.0,inf,0.059000684462696795,0.0,5.458145790554415
jun,2024-10-02 13:42:07+00:00,2024-10-02 13:42:07+00:00,1,1,2,1,1.0130047912388775,0.0,3,9.7,2.0,1.0,1.0,inf,0.9088295687885011,0.0,8.112347022587267
junsu,2022-08-24 14:19:45+00:00,2022-08-24 14:19:45+00:00,1,5,28,13,3.1211498973305956,0.0,41,68.5,28.0,13.0,5.0,inf,0.6980150581793292,0.0,55.122104722792606
justlikeliuen,2022-01-08 02:45:16+00:00,2022-01-08 02:45:16+00:00,1,1,6,6,3.7481177275838466,0.0,12,20.2,6.0,6.0,1.0,inf,0.6353182751540041,0.0,16.065014373716632
k3v1n,2021-02-26 15:48:38+00:00,2021-02-26 15:48:38+00:00,1,1,1,1,4.610540725530458,0.0,2,7.7,1.0,1.0,1.0,inf,0.5490759753593429,0.0,6.024182751540041
kacperkrzyzak,2022-07-05 12:55:42+00:00,2022-07-05 12:55:42+00:00,1,1,5,2,3.2580424366872007,0.0,7,16.2,5.0,2.0,1.0,inf,0.6843258042436687,0.0,13.002911704312114
kanghailin,2023-09-19 09:36:52+00:00,2023-09-19 09:36:52+00:00,1,1,15,25,2.0506502395619437,0.0,40,47.7,15.0,25.0,1.0,inf,0.8047912388774812,0.0,39.14828131416838
kevin.kep,2024-07-10 00:45:07+00:00,2024-07-10 00:45:07+00:00,1,2,6,1,1.2457221081451062,0.0,7,17.9,6.0,1.0,2.0,inf,0.8855578370978782,0.0,14.907722792607801
kexin.an,2024-03-31 09:44:21+00:00,2024-03-31 09:44:21+00:00,1,5,6,6,1.5195071868583163,0.0,12,21.0,6.0,6.0,5.0,inf,0.8579055441478439,0.0,17.40240246406571
khj68,2025-08-17 08:26:48+00:00,2025-08-17 08:26:48+00:00,1,1,7,5,0.13963039014373715,0.0,12,21.7,7.0,5.0,1.0,inf,0.9958932238193019,0.0,18.431632443531825
koo.taejin,2022-12-04 06:18:22+00:00,2022-12-04 06:18:22+00:00,1,4,53,9,2.841889117043121,0.0,62,116.3,53.0,9.0,4.0,inf,0.7256673511293634,0.0,94.06926694045174
kosmaty,2016-09-14 08:24:43+00:00,2016-09-14 08:24:43+00:00,1,1,1,0,9.062286105407255,0.0,1,7.2,1.0,0.0,1.0,inf,0.10362765229295001,0.0,5.151917864476386
kssumin,2025-05-11 01:42:38+00:00,2025-05-11 01:42:38+00:00,1,1,7,11,0.4106776180698152,0.0,18,24.7,7.0,11.0,1.0,inf,0.9690622861054072,0.0,20.88037577002053
kth496,2021-09-11 05:40:24+00:00,2021-09-11 05:40:24+00:00,1,9,11,34,4.071184120465435,0.0,45,45.8,11.0,34.0,9.0,inf,0.6027378507871322,0.0,36.20080903490759
kuanghc1,2022-01-07 02:07:47+00:00,2022-01-10 03:44:21+00:00,2,2,12,3,3.7508555783709787,0.008213552361396304,15,35.9,6.0,1.5,1.0,243.5,0.6358658453114305,0.0021897810218978104,28.56592954780497
kudrevatykh,2019-02-04 22:31:21+00:00,2019-02-04 22:31:21+00:00,1,1,18,4,6.672142368240931,0.0,22,43.2,18.0,4.0,1.0,inf,0.3429158110882957,0.0,32.46209445585216
kunaljani1100,2024-10-22 04:19:14+00:00,2024-10-22 04:19:14+00:00,1,5,158,0,0.9609856262833676,0.0,158,322.0,158.0,0.0,5.0,inf,0.914031485284052,0.0,269.5477207392197
kyuarl21,2023-03-28 09:18:34+00:00,2023-03-28 09:18:34+00:00,1,1,1,1,2.529774127310062,0.0,2,7.7,1.0,1.0,1.0,inf,0.7568788501026694,0.0,6.264195071868583
ladislav-bozek,2019-04-08 15:37:59+00:00,2019-04-08 15:37:59+00:00,1,1,1,1,6.499657768651608,0.0,2,7.7,1.0,1.0,1.0,inf,0.3601642710472279,0.0,5.8059897330595485
laterlaugh,2024-04-12 12:56:33+00:00,2024-04-12 12:56:33+00:00,1,2,3,3,1.486652977412731,0.0,6,12.9,3.0,3.0,2.0,inf,0.8614647501711157,0.0,10.696934291581108
leizhiyuan,2014-08-17 00:17:46+00:00,2014-08-17 00:17:46+00:00,1,3,7,7,11.143052703627653,0.0,14,23.1,7.0,7.0,3.0,inf,0.0,0.0,16.17
liaozan,2023-09-10 11:38:58+00:00,2023-09-10 11:38:58+00:00,1,1,1,1,2.0752908966461328,0.0,2,7.7,1.0,1.0,1.0,inf,0.8026009582477756,0.0,6.317004106776181
liguoxiong,2019-03-30 12:52:19+00:00,2019-04-08 19:27:42+00:00,2,9,133,19,6.524298425735798,0.024640657084188913,152,287.3,66.5,9.5,4.5,81.16666666666666,0.3601642710472279,0.003776751993285774,216.79403838793095
lihan,2022-05-10 13:11:07+00:00,2023-08-24 03:46:47+00:00,2,11,44,26,3.4113620807665983,1.2867898699520877,70,113.2,22.0,13.0,5.5,1.554255319148936,0.7976728268309377,0.37720706260032105,99.18946052254277
lijun695,2022-02-05 12:51:18+00:00,2022-02-05 12:51:18+00:00,1,1,4,4,3.668720054757016,0.0,8,15.2,4.0,4.0,1.0,inf,0.6432580424366872,0.0,12.106628336755646
lijuny,2019-08-27 10:01:30+00:00,2019-08-27 10:01:30+00:00,1,8,34,70,6.113620807665982,0.0,104,109.6,34.0,70.0,8.0,inf,0.39876796714579055,0.0,83.2757453798768
limo520,2020-05-27 02:27:16+00:00,2020-12-04 12:59:16+00:00,2,2,7,7,5.366187542778919,0.5229295003422314,14,27.9,3.5,3.5,1.0,3.8246073298429315,0.5260780287474333,0.09744897959183674,22.139460529899843
lituizi,2025-04-13 03:34:20+00:00,2025-04-13 03:34:20+00:00,1,1,1,1,0.487337440109514,0.0,2,7.7,1.0,1.0,1.0,inf,0.9613963039014374,0.0,6.50041273100616
liuhy365,2020-04-13 15:25:51+00:00,2020-04-13 15:25:51+00:00,1,1,3,0,5.4839151266255985,0.0,3,11.2,3.0,0.0,1.0,inf,0.4617385352498289,0.0,8.61572073921971
liupeng,2023-03-08 18:07:57+00:00,2023-03-08 18:07:57+00:00,1,1,3,2,2.5845311430527036,0.0,5,12.2,3.0,2.0,1.0,inf,0.7516769336071184,0.0,9.915568788501027
liuzhifei,2021-09-28 11:22:51+00:00,2022-01-04 11:30:04+00:00,6,11,25,46,4.024640657084189,0.2683093771389459,71,105.2,4.166666666666667,7.666666666666667,1.8333333333333333,22.362244897959183,0.6344969199178645,0.06666666666666667,84.70436139630391
lixiaolong11000,2019-12-11 15:44:42+00:00,2020-01-07 10:03:11+00:00,3,4,67,2,5.823408624229979,0.07118412046543464,69,150.8,22.333333333333332,0.6666666666666666,1.3333333333333333,42.14423076923077,0.43518138261464745,0.01222378937470616,115.68030499039918
liym,2020-05-12 12:19:16+00:00,2020-05-12 12:19:16+00:00,1,1,2,2,5.404517453798768,0.0,4,10.2,2.0,2.0,1.0,inf,0.46967830253251197,0.0,7.858607802874742
liym@com,2019-08-01 07:42:06+00:00,2019-08-01 07:42:06+00:00,1,1,1,1,6.184804928131417,0.0,2,7.7,1.0,1.0,1.0,inf,0.3913757700205338,0.0,5.842039014373716
liym@home,2020-05-14 10:57:26+00:00,2020-05-14 10:57:26+00:00,1,7,187,187,5.3990417522245036,0.0,374,473.9,187.0,187.0,7.0,inf,0.47022587268993843,0.0,365.1560061601642
ljmn3211,2021-02-01 02:50:39+00:00,2021-02-01 02:50:39+00:00,1,7,312,1,4.681724845995893,0.0,313,630.9,312.0,1.0,7.0,inf,0.5419575633127994,0.0,492.9181540041067
logicg8,2016-02-10 15:32:36+00:00,2016-02-10 15:32:36+00:00,1,1,2,3,9.656399726214921,0.0,5,10.7,2.0,3.0,1.0,inf,0.04449007529089655,0.0,7.561406570841888
longtanfei,2024-11-01 04:00:30+00:00,2024-11-01 04:00:30+00:00,1,1,28,26,0.9336071184120466,0.0,54,74.2,28.0,26.0,1.0,inf,0.9167693360711842,0.0,62.14364271047227
lorenzsimon,2023-10-29 11:36:33+00:00,2023-10-29 11:36:33+00:00,1,6,159,28,1.9411362080766599,0.0,187,338.2,159.0,28.0,6.0,inf,0.8160164271047228,0.0,278.13651334702257
luohongtu,2023-06-03 07:55:26+00:00,2023-06-03 07:55:26+00:00,1,1,1,3,2.346338124572211,0.0,4,8.7,1.0,3.0,1.0,inf,0.7752224503764544,0.0,7.101665297741272
luozhenyu,2023-03-31 06:16:37+00:00,2023-03-31 06:16:37+00:00,1,2,17,1,2.521560574948665,0.0,18,39.9,17.0,1.0,2.0,inf,0.757700205338809,0.0,32.464835728952764
luozongle01,2024-12-17 05:45:02+00:00,2024-12-17 05:45:02+00:00,1,1,1,1,0.8049281314168378,0.0,2,7.7,1.0,1.0,1.0,inf,0.9293634496919918,0.0,6.46341478439425
luvarqpp,2022-03-15 15:17:33+00:00,2022-03-15 15:17:33+00:00,1,1,2,1,3.564681724845996,0.0,3,9.7,2.0,1.0,1.0,inf,0.6536618754277892,0.0,7.741078028747432
lwjli,2019-03-15 08:17:36+00:00,2019-03-15 08:17:36+00:00,1,1,1,1,6.565366187542779,0.0,2,7.7,1.0,1.0,1.0,inf,0.35331964407939764,0.0,5.798084188911703
lwpro2,2021-04-05 08:41:19+00:00,2021-04-05 08:41:19+00:00,1,1,8,1,4.506502395619439,0.0,9,21.7,8.0,1.0,1.0,inf,0.5592060232717316,0.0,17.010215605749483
m4tt30c91,2024-12-12 14:03:44+00:00,2024-12-12 14:03:44+00:00,1,6,84,56,0.8186173853524983,0.0,140,202.2,84.0,56.0,6.0,inf,0.9282683093771389,0.0,169.69437782340862
madorb,2016-01-05 17:05:09+00:00,2016-01-05 17:05:09+00:00,1,2,54,0,9.754962354551678,0.0,54,113.4,54.0,0.0,2.0,inf,0.03463381245722119,0.0,79.96912114989733
martin-tarjanyi,2020-03-14 22:27:01+00:00,2020-03-14 22:27:01+00:00,1,14,537,8,5.566050650239562,0.0,545,1085.8,537.0,8.0,14.0,inf,0.45352498288843257,0.0,833.9256139630389
mattbertolini,2020-04-20 23:40:39+00:00,2020-04-20 23:40:39+00:00,1,1,10,1,5.464750171115674,0.0,11,25.7,10.0,1.0,1.0,inf,0.4636550308008214,0.0,19.777390143737165
matthew-pearson,2016-02-14 09:19:04+00:00,2016-02-14 09:19:04+00:00,1,2,94,12,9.645448323066393,0.0,106,199.4,94.0,12.0,2.0,inf,0.045311430527036345,0.0,140.93526488706365
maxxedev,2020-01-20 00:48:52+00:00,2020-01-20 00:48:52+00:00,1,1,42,56,5.716632443531828,0.0,98,117.2,42.0,56.0,1.0,inf,0.4384668035592061,0.0,89.74824640657084
md42,2013-12-06 20:01:39+00:00,2013-12-06 20:01:39+00:00,1,1,2,2,11.835728952772074,0.0,4,10.2,2.0,2.0,1.0,inf,0.0,0.0,7.139999999999999
mdindoffer,2020-03-13 14:21:53+00:00,2020-03-13 14:21:53+00:00,1,1,2,3,5.568788501026694,0.0,5,10.7,2.0,3.0,1.0,inf,0.45325119780971934,0.0,8.2174681724846
mfeng-ya,2019-07-12 09:44:10+00:00,2019-07-12 09:44:10+00:00,1,1,2,10,6.239561943874059,0.0,12,14.2,2.0,10.0,1.0,inf,0.3859000684462697,0.0,10.761967145790553
mgooty,2015-01-20 08:50:25+00:00,2015-01-20 08:50:25+00:00,1,1,1,1,10.713210130047912,0.0,2,7.7,1.0,1.0,1.0,inf,0.0,0.0,5.39
mhartsock Melissa Hartsock,2015-12-01 17:36:50+00:00,2015-12-01 17:36:50+00:00,1,2,16,1,9.850787132101301,0.0,17,37.9,16.0,1.0,2.0,inf,0.02505133470225862,0.0,26.67241683778234
mmoores,2016-12-14 15:48:32+00:00,2016-12-14 15:48:32+00:00,1,1,2,2,8.813141683778234,0.0,4,10.2,2.0,2.0,1.0,inf,0.1288158795345653,0.0,7.337088295687884
mnhock,2015-12-10 19:49:48+00:00,2024-01-20 12:20:11+00:00,4,5,11,12,9.826146475017111,8.109514031485284,23,49.0,2.75,3.0,1.25,0.4932478055367994,0.8387405886379192,0.8252995263304542,46.53069484501754
monosoul,2019-10-30 14:14:13+00:00,2019-10-30 14:14:13+00:00,1,2,124,5,5.938398357289528,0.0,129,255.9,124.0,5.0,2.0,inf,0.416290212183436,0.0,195.10929979466118
mplain,2020-11-04 09:08:56+00:00,2020-11-04 09:08:56+00:00,1,2,49,0,4.922655715263518,0.0,49,103.4,49.0,0.0,2.0,inf,0.5175906913073238,0.0,80.40783162217659
mrcoffee77,2020-06-25 09:02:17+00:00,2020-06-25 09:02:17+00:00,1,2,25,12,5.284052019164956,0.0,37,61.4,25.0,12.0,2.0,inf,0.48145106091718004,0.0,47.41416427104723
mysend12,2024-03-31 11:25:48+00:00,2024-03-31 11:25:48+00:00,1,3,67,4,1.5195071868583163,0.0,71,141.6,67.0,4.0,3.0,inf,0.8581793292265572,0.0,117.34772895277207
nanfeng,2022-07-08 02:59:55+00:00,2022-07-08 02:59:55+00:00,1,2,18,0,3.252566735112936,0.0,18,41.4,18.0,0.0,2.0,inf,0.6848733744010951,0.0,33.2330636550308
nara,2021-03-26 02:45:43+00:00,2021-03-26 02:45:43+00:00,1,2,2,2,4.5366187542778915,0.0,4,10.4,2.0,2.0,2.0,inf,0.5564681724845996,0.0,8.148090349075975
ndebeiss,2015-07-10 12:45:18+00:00,2015-07-10 12:45:18+00:00,1,4,51,9,10.245037645448322,0.0,60,112.3,51.0,9.0,4.0,inf,0.0,0.0,78.61
neals,2022-05-04 03:22:09+00:00,2022-05-05 12:16:14+00:00,2,2,2,3,3.430527036276523,0.0027378507871321013,5,15.9,1.0,1.5,1.0,730.5,0.6676249144421629,0.0007980845969672786,12.724188852708325
nhavuong,2021-05-27 06:16:51+00:00,2021-05-27 06:16:51+00:00,1,1,24,0,4.3641341546885695,0.0,24,53.2,24.0,0.0,1.0,inf,0.5734428473648185,0.0,41.81607392197125
nkjackzhang,2016-06-16 06:54:04+00:00,2018-05-29 12:01:45+00:00,26,28,60,38,9.308692676249144,1.949349760438056,98,274.6,2.3076923076923075,1.4615384615384615,1.0769230769230769,13.337780898876405,0.2741957563312799,0.20941176470588235,212.13979379152073
no-brand,2021-10-21 07:19:26+00:00,2021-10-21 07:19:26+00:00,1,1,1,1,3.9616700889801506,0.0,2,7.7,1.0,1.0,1.0,inf,0.6136892539356605,0.0,6.0988110882956885
npriebe,2022-07-11 13:20:13+00:00,2022-07-11 13:20:13+00:00,1,1,1,1,3.241615331964408,0.0,2,7.7,1.0,1.0,1.0,inf,0.685968514715948,0.0,6.1822936344969195
nullzl,2021-02-24 03:19:58+00:00,2021-02-24 03:19:58+00:00,1,2,10,2,4.618754277891855,0.0,12,26.4,10.0,2.0,2.0,inf,0.5482546201232033,0.0,20.65108829568788
nyo,2017-04-04 17:48:58+00:00,2017-04-04 17:48:58+00:00,1,2,16,2,8.509240246406572,0.0,18,38.4,16.0,2.0,2.0,inf,0.15920602327173172,0.0,27.797026694045172
olszewskimichal,2019-02-16 10:55:23+00:00,2019-02-16 10:55:23+00:00,1,1,1,1,6.639288158795345,0.0,2,7.7,1.0,1.0,1.0,inf,0.34620123203285424,0.0,5.789862422997946
onnadi-sa,2020-04-14 13:42:50+00:00,2020-04-14 13:42:50+00:00,1,1,1,1,5.4811772758384665,0.0,2,7.7,1.0,1.0,1.0,inf,0.4620123203285421,0.0,5.923624229979466
pelladigabor,2019-02-27 14:13:45+00:00,2019-02-27 14:13:45+00:00,1,1,1,1,6.609171800136893,0.0,2,7.7,1.0,1.0,1.0,inf,0.34921286789869954,0.0,5.7933408624229985
perceptron8,2019-12-12 11:17:02+00:00,2019-12-12 11:17:02+00:00,1,1,12,0,5.820670773442847,0.0,12,29.2,12.0,0.0,1.0,inf,0.42806297056810405,0.0,22.314915811088294
pri88yank,2024-01-05 04:46:36+00:00,2024-01-05 04:46:36+00:00,1,1,1,1,1.757700205338809,0.0,2,7.7,1.0,1.0,1.0,inf,0.8343600273785079,0.0,6.353685831622177
puppy4c,2025-01-18 02:53:24+00:00,2025-01-18 02:53:24+00:00,1,2,10,8,0.7200547570157426,0.0,18,29.4,10.0,8.0,2.0,inf,0.9381245722108145,0.0,24.71712936344969
qxo,2017-11-29 09:44:05+00:00,2017-11-29 09:44:05+00:00,2,2,14,2,7.854893908281999,0.0,16,39.4,7.0,1.0,1.0,inf,0.22436687200547567,0.0,28.906008213552358
rahulmlokurte,2020-04-25 07:24:15+00:00,2020-04-25 07:24:15+00:00,1,1,1,1,5.451060917180014,0.0,2,7.7,1.0,1.0,1.0,inf,0.4647501711156742,0.0,5.926786447638603
ralph.riedel,2023-10-03 17:31:12+00:00,2023-10-03 17:31:12+00:00,1,1,3,2,2.0123203285420943,0.0,5,12.2,3.0,2.0,1.0,inf,0.8088980150581793,0.0,10.020283367556466
rlindooren,2017-08-16 10:34:02+00:00,2017-08-16 10:34:02+00:00,1,5,43,4,8.14236824093087,0.0,47,94.0,43.0,4.0,5.0,inf,0.19589322381930185,0.0,68.56209445585215
rstoyanchev,2022-01-10 16:07:14+00:00,2025-08-29 13:02:14+00:00,806,3492,72663,43497,3.7399041752224504,3.6303901437371664,116160,171802.9,90.15260545905707,53.96650124069479,4.332506203473946,222.01470588235293,0.9994524298425735,0.9707174231332357,171034.16413507264
ryan-dia,2024-01-23 03:47:04+00:00,2024-01-23 03:47:04+00:00,1,1,3,7,1.7084188911704312,0.0,10,14.7,3.0,7.0,1.0,inf,0.8392881587953457,0.0,12.140630390143736
ryenus,2019-11-27 02:08:36+00:00,2019-11-27 02:08:36+00:00,1,6,7,7,5.864476386036961,0.0,14,23.7,7.0,7.0,6.0,inf,0.4236824093086927,0.0,18.0961909650924
sada-sigsci,2020-03-03 01:35:00+00:00,2020-03-03 01:35:00+00:00,1,2,4,7,5.598904859685147,0.0,11,16.9,4.0,7.0,2.0,inf,0.45023956194387404,0.0,12.971357289527718
schjan79,2016-12-07 22:56:30+00:00,2016-12-07 22:56:30+00:00,1,2,154,8,8.83230663928816,0.0,162,317.4,154.0,8.0,2.0,inf,0.1268993839835728,0.0,228.22167967145788
sdeleuze,2017-11-07 12:46:04+00:00,2018-04-27 08:32:56+00:00,52,190,4988,665,7.915126625598905,0.4654346338124572,5653,10606.5,95.92307692307692,12.788461538461538,3.6538461538461537,111.72352941176472,0.265160848733744,0.05880318228986509,7939.968674257786
shawyeok,2021-08-02 03:55:04+00:00,2021-08-02 03:55:04+00:00,1,2,89,3,4.183436002737851,0.0,92,184.9,89.0,3.0,2.0,inf,0.5917864476386037,0.0,145.84319712525667
sheip9,2024-07-26 07:47:37+00:00,2024-07-26 07:47:37+00:00,1,1,2,2,1.1991786447638604,0.0,4,10.2,2.0,2.0,1.0,inf,0.8899383983572895,0.0,8.501605749486652
shevtsiv,2020-10-16 20:56:33+00:00,2020-10-16 20:56:33+00:00,1,1,5,12,4.974674880219028,0.0,17,21.2,5.0,12.0,1.0,inf,0.5126625598904859,0.0,16.470266940451744
shin-mallang,2023-09-05 19:44:11+00:00,2023-09-15 20:33:53+00:00,3,19,24,24,2.088980150581793,0.02737850787132101,48,78.8,8.0,8.0,6.333333333333333,109.575,0.8039698836413416,0.013106159895150722,64.81783883460133
shirohoo,2022-01-20 05:06:13+00:00,2022-01-20 05:06:13+00:00,1,2,32,22,3.7125256673511293,0.0,54,80.4,32.0,22.0,2.0,inf,0.6386036960985626,0.0,63.98156057494866
skarafaz,2017-05-07 15:53:44+00:00,2017-05-07 15:53:44+00:00,1,1,9,19,8.41889117043121,0.0,28,32.7,9.0,19.0,1.0,inf,0.1682409308692676,0.0,23.71522176591376
slawluc,2019-06-24 13:31:43+00:00,2019-06-24 13:31:43+00:00,1,2,13,11,6.288843258042436,0.0,24,36.9,13.0,11.0,2.0,inf,0.3812457221081451,0.0,27.94019507186858
slovenlyimp,2024-01-05 17:22:05+00:00,2024-01-05 17:22:05+00:00,1,1,1,1,1.754962354551677,0.0,2,7.7,1.0,1.0,1.0,inf,0.834633812457221,0.0,6.35400205338809
sn42,2018-03-22 12:07:19+00:00,2018-03-22 12:07:19+00:00,1,1,1,1,7.545516769336071,0.0,2,7.7,1.0,1.0,1.0,inf,0.25557837097878167,0.0,5.685193018480493
sokomishalov,2019-11-02 11:25:38+00:00,2022-01-10 08:51:55+00:00,3,11,185,23,5.930184804928132,2.187542778918549,208,398.7,61.666666666666664,7.666666666666667,3.6666666666666665,1.3714017521902377,0.6358658453114305,0.3688827331486611,339.1789887348057
soldierkam,2015-12-27 21:47:21+00:00,2016-09-28 20:27:55+00:00,4,14,513,288,9.779603011635865,0.7529089664613279,801,1192.8,128.25,72.0,3.5,5.3127272727272725,0.10773442847364811,0.07698768197088467,868.0104800007356
sonallux,2024-11-20 23:47:31+00:00,2024-11-20 23:47:31+00:00,1,2,24,9,0.8788501026694046,0.0,33,57.9,24.0,9.0,2.0,inf,0.9222450376454483,0.0,48.53969815195072
spencergibb,2023-06-30 20:32:26+00:00,2023-06-30 20:32:26+00:00,1,2,46,3,2.272416153319644,0.0,49,98.9,46.0,3.0,2.0,inf,0.7828884325804244,0.0,80.8441498973306
spicydev,2025-07-20 16:05:03+00:00,2025-07-20 16:05:03+00:00,1,4,134,4,0.216290212183436,0.0,138,275.8,134.0,4.0,4.0,inf,0.9885010266940452,0.0,233.95428747433263
spodgurskiy,2016-05-31 18:29:01+00:00,2016-05-31 18:29:01+00:00,1,2,40,1,9.352498288843258,0.0,41,85.9,40.0,1.0,2.0,inf,0.07488021902806297,0.0,61.09483162217659
springmonster,2022-01-07 09:15:39+00:00,2022-01-07 09:15:39+00:00,1,1,2,1,3.7481177275838466,0.0,3,9.7,2.0,1.0,1.0,inf,0.635044490075291,0.0,7.713989733059547
star_Ho,2023-11-20 14:29:09+00:00,2023-11-20 14:29:09+00:00,1,1,1,1,1.8809034907597535,0.0,2,7.7,1.0,1.0,1.0,inf,0.8220396988364134,0.0,6.339455852156058
stonio,2016-12-29 16:50:08+00:00,2017-02-21 15:23:40+00:00,4,20,55,52,8.772073921971252,0.14510609171800137,107,160.0,13.75,13.0,5.0,27.566037735849054,0.14770704996577688,0.016541822721598005,115.94197294449698
stqp,2020-05-09 12:06:45+00:00,2020-05-09 12:06:45+00:00,1,1,1,1,5.412731006160164,0.0,2,7.7,1.0,1.0,1.0,inf,0.4688569472963724,0.0,5.93152977412731
stsypanov,2018-07-07 18:05:07+00:00,2020-03-04 21:07:34+00:00,39,140,685,672,7.252566735112937,1.6591375770020533,1357,1929.0,17.564102564102566,17.23076923076923,3.58974358974359,23.50618811881188,0.4507871321013004,0.22876557191392977,1546.9285749068067
swapy,2020-05-03 06:01:19+00:00,2020-05-03 06:01:19+00:00,1,1,2,2,5.429158110882957,0.0,4,10.2,2.0,2.0,1.0,inf,0.4669404517453799,0.0,7.85441889117043
sylvainlaurent,2016-08-30 18:25:18+00:00,2016-08-30 18:25:18+00:00,1,1,2,2,9.103353867214237,0.0,4,10.2,2.0,2.0,1.0,inf,0.09979466119096503,0.0,7.292685831622175
taehyun,2024-11-17 09:26:43+00:00,2024-11-17 09:26:43+00:00,1,1,2,6,0.8870636550308009,0.0,8,12.2,2.0,6.0,1.0,inf,0.9211498973305955,0.0,10.225704312114988
tafjwr,2024-06-15 17:43:30+00:00,2024-08-18 03:37:17+00:00,4,5,78,43,1.3114305270362765,0.17248459958932238,121,198.5,19.5,10.75,1.25,23.19047619047619,0.8962354551676933,0.1315240083507307,169.55153802626106
takeaction21,2021-09-12 15:50:07+00:00,2021-09-12 15:50:07+00:00,1,1,2,0,4.068446269678303,0.0,2,9.2,2.0,0.0,1.0,inf,0.6032854209445585,0.0,7.27253388090349
takumi34,2021-06-29 16:12:03+00:00,2021-06-29 16:12:03+00:00,1,1,1,1,4.27378507871321,0.0,2,7.7,1.0,1.0,1.0,inf,0.5827515400410678,0.0,6.063078028747434
tamkylet,2018-10-27 02:25:05+00:00,2018-10-27 02:25:05+00:00,1,1,9,27,6.9486652977412735,0.0,36,36.7,9.0,27.0,1.0,inf,0.3152635181382615,0.0,27.42552566735113
thanus,2020-10-03 16:50:09+00:00,2020-10-03 16:50:09+00:00,1,1,2,2,5.0102669404517455,0.0,4,10.2,2.0,2.0,1.0,inf,0.5091033538672143,0.0,7.918928131416837
tianjunwei,2017-07-06 04:23:49+00:00,2017-07-06 04:23:49+00:00,1,1,3,4,8.257357973990418,0.0,7,13.2,3.0,4.0,1.0,inf,0.1843942505133469,0.0,9.605100616016426
tianshuang,2022-11-17 10:14:18+00:00,2022-11-17 10:14:18+00:00,1,3,48,15,2.8884325804243667,0.0,63,109.1,48.0,15.0,3.0,inf,0.7212867898699521,0.0,88.17385831622175
tristeza,2020-08-31 17:16:06+00:00,2020-08-31 17:16:06+00:00,1,1,1,1,5.100616016427105,0.0,2,7.7,1.0,1.0,1.0,inf,0.5000684462696783,0.0,5.967579055441479
twhitmorenz,2013-07-24 02:36:42+00:00,2013-07-24 02:36:42+00:00,1,1,11,2,12.208076659822039,0.0,13,28.2,11.0,2.0,1.0,inf,0.0,0.0,19.74
ugultopu,2017-12-04 01:58:47+00:00,2017-12-04 01:58:47+00:00,1,1,1,1,7.84394250513347,0.0,2,7.7,1.0,1.0,1.0,inf,0.22573579739904182,0.0,5.650724845995893
unpush,2014-09-25 14:49:05+00:00,2014-09-25 14:49:05+00:00,1,1,1,1,11.033538672142368,0.0,2,7.7,1.0,1.0,1.0,inf,0.0,0.0,5.39
v_vyqyxiong,2021-12-28 06:59:23+00:00,2021-12-28 06:59:23+00:00,1,1,1,1,3.7754962354551678,0.0,2,7.7,1.0,1.0,1.0,inf,0.6323066392881588,0.0,6.120314168377823
valery1707,2019-03-13 16:22:33+00:00,2019-03-13 16:22:33+00:00,1,1,1,1,6.570841889117043,0.0,2,7.7,1.0,1.0,1.0,inf,0.3530458590006844,0.0,5.7977679671457905
vatsal,2024-06-27 03:00:01+00:00,2024-06-27 03:00:01+00:00,1,2,81,12,1.2813141683778233,0.0,93,173.4,81.0,12.0,2.0,inf,0.8819986310746064,0.0,144.32078439425052
vikey,2022-02-12 10:51:24+00:00,2022-02-12 10:51:24+00:00,1,2,15,2,3.649555099247091,0.0,17,36.4,15.0,2.0,2.0,inf,0.6451745379876797,0.0,29.00265297741273
volkovandr,2018-10-11 08:38:49+00:00,2018-10-11 08:38:49+00:00,1,1,2,2,6.9897330595482545,0.0,4,10.2,2.0,2.0,1.0,inf,0.31088295687885004,0.0,7.6156509240246395
vspac,2020-04-21 09:07:51+00:00,2020-04-21 09:07:51+00:00,1,4,566,0,5.462012320328542,0.0,566,1137.8,566.0,0.0,4.0,inf,0.4636550308008214,0.0,875.592004106776
waahhh,2022-01-09 10:10:45+00:00,2022-01-09 10:10:45+00:00,1,1,1,1,3.7426420260095825,0.0,2,7.7,1.0,1.0,1.0,inf,0.6358658453114305,0.0,6.124425051334702
wakingrufus,2023-10-30 15:04:00+00:00,2023-10-30 15:04:00+00:00,1,2,19,1,1.9383983572895278,0.0,20,43.9,19.0,1.0,2.0,inf,0.816290212183436,0.0,36.10527104722792
wanxiangming1994,2019-12-01 12:22:41+00:00,2019-12-01 12:22:41+00:00,1,2,6,3,5.8507871321013,0.0,9,18.9,6.0,3.0,2.0,inf,0.42505133470225875,0.0,14.4350205338809
wenqi.huang,2019-03-22 14:09:04+00:00,2019-03-22 14:09:04+00:00,1,3,45,12,6.546201232032854,0.0,57,101.6,45.0,12.0,3.0,inf,0.35550992470910336,0.0,76.53797125256672
whl,2025-04-20 05:53:47+00:00,2025-04-20 05:53:47+00:00,1,2,15,1,0.4654346338124572,0.0,16,35.9,15.0,1.0,2.0,inf,0.9633127994524299,0.0,30.317439425051333
wilrosco,2020-01-28 00:10:51+00:00,2020-01-28 00:10:51+00:00,1,1,2,1,5.69472963723477,0.0,3,9.7,2.0,1.0,1.0,inf,0.4406570841889117,0.0,7.431156057494866
wizard,2022-11-16 10:24:27+00:00,2023-04-03 11:56:35+00:00,2,2,23,23,2.891170431211499,0.37782340862423,46,67.9,11.5,11.5,1.0,5.293478260869565,0.7587953456536619,0.13068181818181818,56.58932491366437
wkwkhautbois,2022-01-28 14:06:32+00:00,2022-01-28 14:06:32+00:00,1,1,26,20,3.6906228610540723,0.0,46,67.2,26.0,20.0,1.0,inf,0.6410677618069816,0.0,53.50196303901437
wolverine.kim,2016-08-04 10:11:14+00:00,2016-08-04 10:11:14+00:00,1,2,2,2,9.174537987679672,0.0,4,10.4,2.0,2.0,2.0,inf,0.09267624914442174,0.0,7.424574948665298
wonwoo,2018-12-12 00:58:36+00:00,2022-05-20 04:31:52+00:00,6,7,32,26,6.822724161533197,3.436002737850787,58,108.4,5.333333333333333,4.333333333333333,1.1666666666666667,1.7462151394422312,0.6714579055441479,0.5036115569823435,94.98662946068075
wpp,2022-07-29 05:29:07+00:00,2022-07-29 05:29:07+00:00,1,1,1,1,3.19233401779603,0.0,2,7.7,1.0,1.0,1.0,inf,0.6906228610540726,0.0,6.187669404517454
www,2018-10-04 17:48:39+00:00,2019-03-24 10:57:06+00:00,6,40,85,85,7.008898015058179,0.4654346338124572,170,250.5,14.166666666666666,14.166666666666666,6.666666666666667,12.891176470588237,0.3560574948665297,0.06640625,191.22407521335987
xavier-b,2023-01-26 23:53:55+00:00,2023-01-26 23:53:55+00:00,1,2,2,6,2.6967830253251197,0.0,8,12.4,2.0,6.0,2.0,inf,0.7404517453798768,0.0,10.05724024640657
xay,2021-12-12 12:07:17+00:00,2021-12-12 12:07:17+00:00,1,1,1,1,3.8193018480492813,0.0,2,7.7,1.0,1.0,1.0,inf,0.6281998631074607,0.0,6.115570841889117
xiexed,2018-07-02 11:55:42+00:00,2018-07-02 11:55:42+00:00,1,1,2,2,7.266255989048597,0.0,4,10.2,2.0,2.0,1.0,inf,0.283504449007529,0.0,7.573761806981519
xixingya,2021-11-17 10:29:54+00:00,2021-11-17 10:29:54+00:00,1,3,17,17,3.887748117727584,0.0,34,48.1,17.0,17.0,3.0,inf,0.6213552361396304,0.0,38.15307802874743
xueyua,2015-08-18 01:41:43+00:00,2015-08-18 01:41:43+00:00,1,1,2,2,10.140999315537304,0.0,4,10.2,2.0,2.0,1.0,inf,0.0,0.0,7.139999999999999
xumengqi,2023-07-24 09:32:03+00:00,2025-01-08 15:18:02+00:00,6,8,74,21,2.206707734428474,1.462012320328542,95,190.1,12.333333333333334,3.5,1.3333333333333333,4.103932584269663,0.9356605065023956,0.662531017369727,178.64243130321356
xuxiang,2020-09-12 11:57:11+00:00,2020-10-10 14:35:56+00:00,2,4,5,5,5.06776180698152,0.07665982203969883,10,23.3,2.5,2.5,2.0,26.089285714285715,0.5110198494182068,0.015126958400864395,18.148883093327655
xxpain,2021-10-22 07:47:13+00:00,2021-10-22 07:47:13+00:00,1,1,1,1,3.9589322381930185,0.0,2,7.7,1.0,1.0,1.0,inf,0.6139630390143738,0.0,6.0991273100616015
yanghaojia,2023-11-02 12:12:51+00:00,2023-11-02 12:12:51+00:00,1,1,1,1,1.9301848049281314,0.0,2,7.7,1.0,1.0,1.0,inf,0.8171115674195757,0.0,6.33376386036961
yanghuai9,2020-06-18 12:16:10+00:00,2020-06-18 12:16:10+00:00,1,1,4,1,5.30321697467488,0.0,5,13.7,4.0,1.0,1.0,inf,0.47980835044490067,0.0,10.576006160164269
ydh6226,2021-09-03 16:07:04+00:00,2021-09-03 16:07:04+00:00,1,4,8,5,4.093086926762491,0.0,13,24.3,8.0,5.0,4.0,inf,0.6008213552361397,0.0,19.199993839835727
yfoelsin,2024-09-06 13:15:29+00:00,2024-09-06 13:15:29+00:00,1,2,12,0,1.0841889117043122,0.0,12,29.4,12.0,0.0,2.0,inf,0.9017111567419576,0.0,24.55654620123203
yhao3,2024-04-18 04:25:09+00:00,2024-04-18 04:25:09+00:00,1,1,2,2,1.4729637234770705,0.0,4,10.2,2.0,2.0,1.0,inf,0.8628336755646817,0.0,8.460135523613962
yilianhuaixiao,2020-07-20 09:30:25+00:00,2020-07-28 07:37:22+00:00,2,4,30,1,5.215605749486653,0.019164955509924708,31,71.3,15.0,0.5,2.0,104.35714285714286,0.49048596851471593,0.0036745406824146977,55.1950466458633
yokotaso,2019-12-07 05:20:36+00:00,2021-09-09 04:58:05+00:00,2,3,21,3,5.834360027378508,1.754962354551677,24,54.1,10.5,1.5,1.5,1.139625585023401,0.6021902806297057,0.30079774753636795,45.19774784856769
youable,2024-11-15 09:12:07+00:00,2024-11-15 09:12:07+00:00,1,4,8,8,0.892539356605065,0.0,16,25.8,8.0,8.0,4.0,inf,0.920602327173169,0.0,21.622731006160162
youmoo,2015-06-26 08:04:14+00:00,2016-04-12 10:37:41+00:00,4,4,5,5,10.283367556468173,0.7967145790554415,10,33.3,1.25,1.25,1.0,5.020618556701031,0.061464750171115634,0.07747603833865814,24.004009238606315
ypyf,2024-06-05 21:45:52+00:00,2024-06-05 21:45:52+00:00,1,1,4,4,1.3388090349075976,0.0,8,15.2,4.0,4.0,1.0,inf,0.876249144421629,0.0,12.637848049281313
yuhangbin,2024-02-23 01:53:42+00:00,2024-02-23 01:53:42+00:00,1,7,8,8,1.623545516769336,0.0,16,26.4,8.0,8.0,7.0,inf,0.8477754962354551,0.0,21.8371909650924
zhangmingqi09,2022-04-24 06:00:51+00:00,2022-04-24 06:00:51+00:00,1,1,1,1,3.455167693360712,0.0,2,7.7,1.0,1.0,1.0,inf,0.6643394934976043,0.0,6.1573121149897325
zheng.ren01@mljr.com,2019-07-20 09:02:36+00:00,2019-07-20 09:02:36+00:00,1,1,2,1,6.217659137577002,0.0,3,9.7,2.0,1.0,1.0,inf,0.3880903490759754,0.0,7.3546714579055426
zhoukq,2024-09-01 10:48:11+00:00,2024-09-01 10:48:11+00:00,1,2,5,0,1.0978781656399725,0.0,5,15.4,5.0,0.0,2.0,inf,0.9003422313483915,0.0,12.859790554414785
zhuzhuman978,2019-08-10 12:03:18+00:00,2019-08-10 12:03:18+00:00,1,2,14,21,6.160164271047228,0.0,35,43.9,14.0,21.0,2.0,inf,0.394113620807666,0.0,33.32523819301848
zilong6,2018-07-09 17:15:21+00:00,2018-07-09 17:15:21+00:00,1,1,51,0,7.2470910335386725,0.0,51,107.2,51.0,0.0,1.0,inf,0.2854209445585216,0.0,79.62956878850103
zinzo,2024-07-31 15:12:35+00:00,2024-10-06 07:41:31+00:00,3,3,44,2,1.1854893908281998,0.1806981519507187,46,104.6,14.666666666666666,0.6666666666666666,1.0,16.602272727272727,0.9096509240246407,0.15242494226327946,89.88397034205745
zizare,2024-06-19 21:26:22+00:00,2024-06-19 21:26:22+00:00,1,2,111,4,1.3004791238877482,0.0,115,229.4,111.0,4.0,2.0,inf,0.8800821355236139,0.0,190.86362628336755
zyan,2019-05-28 14:00:35+00:00,2019-05-28 14:00:35+00:00,1,1,1,1,6.362765229295003,0.0,2,7.7,1.0,1.0,1.0,inf,0.3738535249828885,0.0,5.821800821355236
Łukasz Jernaś,2024-03-30 14:44:41+00:00,2024-03-30 14:44:41+00:00,1,3,4,4,1.5222450376454484,0.0,8,15.6,4.0,4.0,3.0,inf,0.8579055441478439,0.0,12.927498973305955
Сергей Цыпанов,2018-07-31 11:03:18+00:00,2023-03-21 08:45:01+00:00,43,229,626,708,7.186858316221766,4.635181382614648,1334,1866.8,14.55813953488372,16.46511627906977,5.325581395348837,9.276875369167158,0.7549623545516769,0.6449523809523809,1698.764124235846
유예본(Yebon You)/Platform Engineering팀/11ST,2021-11-19 07:08:14+00:00,2021-11-19 07:08:14+00:00,1,4,12,24,3.8822724161533197,0.0,36,41.8,12.0,24.0,4.0,inf,0.6216290212183436,0.0,33.15761396303901
조현수(Hyunsoo Cho)/Platform Engineering팀/11ST,2021-11-24 06:20:51+00:00,2021-11-24 06:20:51+00:00,1,2,23,4,3.868583162217659,0.0,27,53.4,23.0,4.0,2.0,inf,0.6229979466119097,0.0,42.37021355236139
“7fantasy7”,2023-11-18 18:55:10+00:00,2023-11-18 18:55:10+00:00,1,1,2,5,1.8863791923340179,0.0,7,11.7,2.0,5.0,1.0,inf,0.821492128678987,0.0,9.63171868583162
康智冬,2019-08-02 11:40:25+00:00,2019-09-29 14:22:48+00:00,4,54,77,77,6.182067077344285,0.15879534565366188,154,223.3,19.25,19.25,13.5,25.189655172413794,0.40780287474332655,0.025686448184233837,170.82972487145864
李全城,2019-03-22 06:51:29+00:00,2019-03-22 06:51:29+00:00,1,1,2,5,6.546201232032854,0.0,7,11.7,2.0,5.0,1.0,inf,0.35523613963039014,0.0,8.813439425051333
桂坤,2019-07-11 07:27:45+00:00,2019-07-11 07:27:45+00:00,1,1,1,1,6.242299794661191,0.0,2,7.7,1.0,1.0,1.0,inf,0.38562628336755655,0.0,5.835398357289527
横云断岭,2018-08-22 11:04:07+00:00,2018-08-22 11:04:07+00:00,1,1,1,1,7.12662559890486,0.0,2,7.7,1.0,1.0,1.0,inf,0.2974674880219028,0.0,5.733574948665297
水木今山,2019-04-23 10:48:21+00:00,2019-04-23 10:48:21+00:00,1,1,4,3,6.458590006844627,0.0,7,14.7,4.0,3.0,1.0,inf,0.36427104722792614,0.0,11.093217659137578
海子 Yang,2024-10-11 12:57:38+00:00,2024-10-11 12:57:38+00:00,1,1,0,9,0.9883641341546886,0.0,9,9.7,0.0,9.0,1.0,inf,0.9112936344969199,0.0,8.115932238193018
王诗峣,2019-01-08 05:57:56+00:00,2019-01-08 05:57:56+00:00,1,1,4,4,6.746064339493498,0.0,8,15.2,4.0,4.0,1.0,inf,0.33524982888432586,0.0,11.404369609856262
秦利斌,2025-06-06 13:27:33+00:00,2025-07-22 15:34:14+00:00,3,5,7,6,0.33675564681724846,0.12594113620807665,13,33.0,2.3333333333333335,2.0,1.6666666666666667,23.820652173913047,0.9890485968514716,0.37398373983739835,29.847010066609908
纪华裕,2023-09-28 02:56:18+00:00,2023-09-28 02:56:18+00:00,1,1,2,0,2.028747433264887,0.0,2,9.2,2.0,0.0,1.0,inf,0.8072553045859001,0.0,7.554012320328542
陈其苗,2019-05-31 07:25:58+00:00,2020-05-14 03:22:07+00:00,22,72,600,409,6.354551676933607,0.9527720739219713,1009,1528.9,27.272727272727273,18.59090909090909,3.272727272727273,23.09051724137931,0.4699520876112252,0.14993537268418786,1212.3918907068485
陈灵敏,2018-10-11 06:01:40+00:00,2018-10-11 06:01:40+00:00,1,1,22,8,6.9897330595482545,0.0,30,53.2,22.0,8.0,1.0,inf,0.31088295687885004,0.0,39.72084599589322
김보배(Bobae Kim)/Platform Engineering팀/11ST,2021-11-12 05:53:27+00:00,2021-11-12 05:53:27+00:00,1,13,24,24,3.9014373716632442,0.0,48,67.6,24.0,24.0,13.0,inf,0.6197125256673511,0.0,53.60388501026693
김희망,2023-09-18 23:00:33+00:00,2023-09-18 23:00:33+00:00,1,1,1,9,2.0533880903490758,0.0,10,11.7,1.0,9.0,1.0,inf,0.8047912388774812,0.0,9.602408624229978
방성범 (Bang Seongbeom),2019-10-13 07:32:56+00:00,2019-10-13 07:32:56+00:00,1,1,1,1,5.984941820670773,0.0,2,7.7,1.0,1.0,1.0,inf,0.4113620807665982,0.0,5.865123203285421
부종민,2019-08-18 04:20:10+00:00,2019-08-18 04:20:10+00:00,1,1,2,2,6.140999315537303,0.0,4,10.2,2.0,2.0,1.0,inf,0.3960301163586585,0.0,7.745926078028746
오영택,2024-09-03 06:48:01+00:00,2024-09-03 06:48:01+00:00,1,2,57,0,1.0924024640657084,0.0,57,119.4,57.0,0.0,2.0,inf,0.9006160164271048,0.0,99.71003285420944
정준영,2022-07-25 04:48:33+00:00,2022-07-25 04:48:33+00:00,1,1,0,2,3.2060232717316905,0.0,2,6.2,0.0,2.0,1.0,inf,0.6895277207392198,0.0,4.981260780287474
최유진(Yujin Choi)/Platform Engineering팀/11ST,2021-10-28 01:58:11+00:00,2021-10-28 01:58:11+00:00,1,2,3,5,3.9452429842573578,0.0,8,13.9,3.0,5.0,2.0,inf,0.6156057494866529,0.0,11.013537987679673
황준오,2018-11-07 06:31:33+00:00,2018-11-07 06:31:33+00:00,1,1,1,1,6.915811088295688,0.0,2,7.7,1.0,1.0,1.0,inf,0.3182751540041068,0.0,5.757607802874744
